iso3,ronda,item,item_label,pct_hostil,n
URY,2020,C_004_201,Recibir inmigrantes de fuera de AL: negativo,30.5,1170
SLV,2020,C_004_201,Recibir inmigrantes de fuera de AL: negativo,33.2,947
VEN,2020,C_004_201,Recibir inmigrantes de fuera de AL: negativo,34.9,1140
ARG,2020,C_004_201,Recibir inmigrantes de fuera de AL: negativo,38.6,1067
PRY,2020,C_004_201,Recibir inmigrantes de fuera de AL: negativo,38.9,1106
NIC,2020,C_004_201,Recibir inmigrantes de fuera de AL: negativo,39.9,865
HND,2020,C_004_201,Recibir inmigrantes de fuera de AL: negativo,40.0,942
DOM,2020,C_004_201,Recibir inmigrantes de fuera de AL: negativo,41.6,979
BRA,2020,C_004_201,Recibir inmigrantes de fuera de AL: negativo,41.9,1137
CHL,2020,C_004_201,Recibir inmigrantes de fuera de AL: negativo,46.9,1031
CRI,2020,C_004_201,Recibir inmigrantes de fuera de AL: negativo,48.2,968
PAN,2020,C_004_201,Recibir inmigrantes de fuera de AL: negativo,56.3,977
ECU,2020,C_004_201,Recibir inmigrantes de fuera de AL: negativo,57.1,1177
MEX,2020,C_004_201,Recibir inmigrantes de fuera de AL: negativo,57.6,1172
PER,2020,C_004_201,Recibir inmigrantes de fuera de AL: negativo,58.1,1156
COL,2020,C_004_201,Recibir inmigrantes de fuera de AL: negativo,60.4,1165
BOL,2020,C_004_201,Recibir inmigrantes de fuera de AL: negativo,61.5,1154
GTM,2020,C_004_201,Recibir inmigrantes de fuera de AL: negativo,66.6,930
URY,2020,C_004_202,Recibir inmigrantes de America Latina: negativo,26.5,1168
SLV,2020,C_004_202,Recibir inmigrantes de America Latina: negativo,34.8,950
PRY,2020,C_004_202,Recibir inmigrantes de America Latina: negativo,35.6,1105
VEN,2020,C_004_202,Recibir inmigrantes de America Latina: negativo,35.8,1144
DOM,2020,C_004_202,Recibir inmigrantes de America Latina: negativo,36.8,973
BRA,2020,C_004_202,Recibir inmigrantes de America Latina: negativo,38.2,1135
HND,2020,C_004_202,Recibir inmigrantes de America Latina: negativo,41.7,926
NIC,2020,C_004_202,Recibir inmigrantes de America Latina: negativo,42.2,858
ARG,2020,C_004_202,Recibir inmigrantes de America Latina: negativo,46.9,1066
CRI,2020,C_004_202,Recibir inmigrantes de America Latina: negativo,47.8,973
CHL,2020,C_004_202,Recibir inmigrantes de America Latina: negativo,53.7,1073
MEX,2020,C_004_202,Recibir inmigrantes de America Latina: negativo,57.0,1170
PAN,2020,C_004_202,Recibir inmigrantes de America Latina: negativo,57.1,975
ECU,2020,C_004_202,Recibir inmigrantes de America Latina: negativo,58.4,1168
BOL,2020,C_004_202,Recibir inmigrantes de America Latina: negativo,61.0,1148
PER,2020,C_004_202,Recibir inmigrantes de America Latina: negativo,61.2,1154
COL,2020,C_004_202,Recibir inmigrantes de America Latina: negativo,64.4,1157
GTM,2020,C_004_202,Recibir inmigrantes de America Latina: negativo,67.5,909
URY,2020,C_004_203,Recibir inmigrantes de Haiti: negativo,35.8,1134
BRA,2020,C_004_203,Recibir inmigrantes de Haiti: negativo,37.2,1136
VEN,2020,C_004_203,Recibir inmigrantes de Haiti: negativo,49.3,1102
ARG,2020,C_004_203,Recibir inmigrantes de Haiti: negativo,52.3,999
SLV,2020,C_004_203,Recibir inmigrantes de Haiti: negativo,53.8,915
HND,2020,C_004_203,Recibir inmigrantes de Haiti: negativo,57.1,890
NIC,2020,C_004_203,Recibir inmigrantes de Haiti: negativo,57.4,826
PRY,2020,C_004_203,Recibir inmigrantes de Haiti: negativo,61.6,912
MEX,2020,C_004_203,Recibir inmigrantes de Haiti: negativo,63.3,1150
CHL,2020,C_004_203,Recibir inmigrantes de Haiti: negativo,64.1,1070
CRI,2020,C_004_203,Recibir inmigrantes de Haiti: negativo,65.0,940
PER,2020,C_004_203,Recibir inmigrantes de Haiti: negativo,67.6,1097
ECU,2020,C_004_203,Recibir inmigrantes de Haiti: negativo,69.9,1101
COL,2020,C_004_203,Recibir inmigrantes de Haiti: negativo,71.4,1109
BOL,2020,C_004_203,Recibir inmigrantes de Haiti: negativo,73.4,1093
DOM,2020,C_004_203,Recibir inmigrantes de Haiti: negativo,73.7,985
PAN,2020,C_004_203,Recibir inmigrantes de Haiti: negativo,74.9,965
GTM,2020,C_004_203,Recibir inmigrantes de Haiti: negativo,75.5,852
URY,2020,C_004_204,Recibir inmigrantes de Venezuela: negativo,33.8,1164
BRA,2020,C_004_204,Recibir inmigrantes de Venezuela: negativo,44.0,1138
NIC,2020,C_004_204,Recibir inmigrantes de Venezuela: negativo,49.1,840
DOM,2020,C_004_204,Recibir inmigrantes de Venezuela: negativo,49.5,969
ARG,2020,C_004_204,Recibir inmigrantes de Venezuela: negativo,50.8,1043
PRY,2020,C_004_204,Recibir inmigrantes de Venezuela: negativo,53.0,1014
CRI,2020,C_004_204,Recibir inmigrantes de Venezuela: negativo,57.4,949
SLV,2020,C_004_204,Recibir inmigrantes de Venezuela: negativo,58.6,923
HND,2020,C_004_204,Recibir inmigrantes de Venezuela: negativo,60.4,885
CHL,2020,C_004_204,Recibir inmigrantes de Venezuela: negativo,63.7,1088
MEX,2020,C_004_204,Recibir inmigrantes de Venezuela: negativo,66.4,1147
PAN,2020,C_004_204,Recibir inmigrantes de Venezuela: negativo,68.7,965
GTM,2020,C_004_204,Recibir inmigrantes de Venezuela: negativo,74.4,858
BOL,2020,C_004_204,Recibir inmigrantes de Venezuela: negativo,77.1,1146
COL,2020,C_004_204,Recibir inmigrantes de Venezuela: negativo,78.6,1168
ECU,2020,C_004_204,Recibir inmigrantes de Venezuela: negativo,80.1,1165
PER,2020,C_004_204,Recibir inmigrantes de Venezuela: negativo,81.4,1164
PRY,2020,C_004_205,La llegada de inmigrantes PERJUDICA,31.4,1138
ARG,2020,C_004_205,La llegada de inmigrantes PERJUDICA,37.5,1117
CHL,2020,C_004_205,La llegada de inmigrantes PERJUDICA,39.0,1166
URY,2020,C_004_205,La llegada de inmigrantes PERJUDICA,39.5,1163
VEN,2020,C_004_205,La llegada de inmigrantes PERJUDICA,39.5,1148
BRA,2020,C_004_205,La llegada de inmigrantes PERJUDICA,45.1,1112
NIC,2020,C_004_205,La llegada de inmigrantes PERJUDICA,50.9,883
CRI,2020,C_004_205,La llegada de inmigrantes PERJUDICA,51.3,973
DOM,2020,C_004_205,La llegada de inmigrantes PERJUDICA,54.9,967
HND,2020,C_004_205,La llegada de inmigrantes PERJUDICA,55.1,908
SLV,2020,C_004_205,La llegada de inmigrantes PERJUDICA,56.1,946
MEX,2020,C_004_205,La llegada de inmigrantes PERJUDICA,60.7,1184
PAN,2020,C_004_205,La llegada de inmigrantes PERJUDICA,67.1,968
BOL,2020,C_004_205,La llegada de inmigrantes PERJUDICA,77.5,1137
PER,2020,C_004_205,La llegada de inmigrantes PERJUDICA,78.2,1167
GTM,2020,C_004_205,La llegada de inmigrantes PERJUDICA,78.6,944
ECU,2020,C_004_205,La llegada de inmigrantes PERJUDICA,79.1,1189
COL,2020,C_004_205,La llegada de inmigrantes PERJUDICA,79.7,1169
VEN,2023,C_004_205,La llegada de inmigrantes PERJUDICA,34.6,1142
URY,2023,C_004_205,La llegada de inmigrantes PERJUDICA,35.3,1168
PRY,2023,C_004_205,La llegada de inmigrantes PERJUDICA,41.2,1120
ARG,2023,C_004_205,La llegada de inmigrantes PERJUDICA,42.1,1166
BRA,2023,C_004_205,La llegada de inmigrantes PERJUDICA,47.4,1097
MEX,2023,C_004_205,La llegada de inmigrantes PERJUDICA,51.4,1172
SLV,2023,C_004_205,La llegada de inmigrantes PERJUDICA,53.3,946
CHL,2023,C_004_205,La llegada de inmigrantes PERJUDICA,55.2,1194
HND,2023,C_004_205,La llegada de inmigrantes PERJUDICA,59.4,924
CRI,2023,C_004_205,La llegada de inmigrantes PERJUDICA,66.9,972
GTM,2023,C_004_205,La llegada de inmigrantes PERJUDICA,72.4,983
DOM,2023,C_004_205,La llegada de inmigrantes PERJUDICA,72.7,985
BOL,2023,C_004_205,La llegada de inmigrantes PERJUDICA,73.9,1164
PAN,2023,C_004_205,La llegada de inmigrantes PERJUDICA,76.5,976
COL,2023,C_004_205,La llegada de inmigrantes PERJUDICA,81.2,1175
PER,2023,C_004_205,La llegada de inmigrantes PERJUDICA,81.3,1181
ECU,2023,C_004_205,La llegada de inmigrantes PERJUDICA,83.7,1173
VEN,2024,C_004_205,La llegada de inmigrantes PERJUDICA,22.1,1141
ARG,2024,C_004_205,La llegada de inmigrantes PERJUDICA,28.2,1193
URY,2024,C_004_205,La llegada de inmigrantes PERJUDICA,28.3,1161
PRY,2024,C_004_205,La llegada de inmigrantes PERJUDICA,35.3,1138
SLV,2024,C_004_205,La llegada de inmigrantes PERJUDICA,37.5,943
BRA,2024,C_004_205,La llegada de inmigrantes PERJUDICA,39.9,1119
MEX,2024,C_004_205,La llegada de inmigrantes PERJUDICA,46.8,1171
CRI,2024,C_004_205,La llegada de inmigrantes PERJUDICA,50.2,975
CHL,2024,C_004_205,La llegada de inmigrantes PERJUDICA,53.7,1188
HND,2024,C_004_205,La llegada de inmigrantes PERJUDICA,54.0,959
GTM,2024,C_004_205,La llegada de inmigrantes PERJUDICA,55.9,939
DOM,2024,C_004_205,La llegada de inmigrantes PERJUDICA,60.9,973
BOL,2024,C_004_205,La llegada de inmigrantes PERJUDICA,74.5,1117
PAN,2024,C_004_205,La llegada de inmigrantes PERJUDICA,78.4,978
COL,2024,C_004_205,La llegada de inmigrantes PERJUDICA,78.5,1166
ECU,2024,C_004_205,La llegada de inmigrantes PERJUDICA,81.5,1182
PER,2024,C_004_205,La llegada de inmigrantes PERJUDICA,82.5,1169
SLV,2020,C_004_206,NO son buenos para la economia,38.5,938
BRA,2020,C_004_206,NO son buenos para la economia,40.2,1115
PRY,2020,C_004_206,NO son buenos para la economia,41.9,1092
VEN,2020,C_004_206,NO son buenos para la economia,43.3,1120
CRI,2020,C_004_206,NO son buenos para la economia,44.2,966
URY,2020,C_004_206,NO son buenos para la economia,44.6,1119
HND,2020,C_004_206,NO son buenos para la economia,48.1,934
NIC,2020,C_004_206,NO son buenos para la economia,48.2,852
DOM,2020,C_004_206,NO son buenos para la economia,50.2,961
ARG,2020,C_004_206,NO son buenos para la economia,60.1,971
PAN,2020,C_004_206,NO son buenos para la economia,62.8,960
CHL,2020,C_004_206,NO son buenos para la economia,65.1,1061
MEX,2020,C_004_206,NO son buenos para la economia,66.3,1169
GTM,2020,C_004_206,NO son buenos para la economia,69.1,916
PER,2020,C_004_206,NO son buenos para la economia,73.9,1152
ECU,2020,C_004_206,NO son buenos para la economia,74.5,1165
BOL,2020,C_004_206,NO son buenos para la economia,75.0,1136
COL,2020,C_004_206,NO son buenos para la economia,77.7,1148
SLV,2023,C_004_206,NO son buenos para la economia,34.3,956
VEN,2023,C_004_206,NO son buenos para la economia,34.4,1155
PRY,2023,C_004_206,NO son buenos para la economia,35.2,1128
URY,2023,C_004_206,NO son buenos para la economia,41.5,1112
BRA,2023,C_004_206,NO son buenos para la economia,41.8,1110
HND,2023,C_004_206,NO son buenos para la economia,45.4,945
ARG,2023,C_004_206,NO son buenos para la economia,50.2,1078
MEX,2023,C_004_206,NO son buenos para la economia,54.6,1144
GTM,2023,C_004_206,NO son buenos para la economia,58.3,973
CRI,2023,C_004_206,NO son buenos para la economia,58.5,980
DOM,2023,C_004_206,NO son buenos para la economia,59.6,984
CHL,2023,C_004_206,NO son buenos para la economia,63.4,1143
BOL,2023,C_004_206,NO son buenos para la economia,68.5,1148
PER,2023,C_004_206,NO son buenos para la economia,71.0,1174
PAN,2023,C_004_206,NO son buenos para la economia,73.2,966
ECU,2023,C_004_206,NO son buenos para la economia,75.8,1184
COL,2023,C_004_206,NO son buenos para la economia,76.1,1164
SLV,2024,C_004_206,NO son buenos para la economia,13.0,984
HND,2024,C_004_206,NO son buenos para la economia,15.0,992
PRY,2024,C_004_206,NO son buenos para la economia,23.8,1145
GTM,2024,C_004_206,NO son buenos para la economia,25.4,961
VEN,2024,C_004_206,NO son buenos para la economia,25.9,1144
BRA,2024,C_004_206,NO son buenos para la economia,28.5,1147
URY,2024,C_004_206,NO son buenos para la economia,31.6,1164
ARG,2024,C_004_206,NO son buenos para la economia,35.1,1163
DOM,2024,C_004_206,NO son buenos para la economia,37.3,992
CRI,2024,C_004_206,NO son buenos para la economia,43.1,977
MEX,2024,C_004_206,NO son buenos para la economia,44.6,1145
ECU,2024,C_004_206,NO son buenos para la economia,51.7,1193
CHL,2024,C_004_206,NO son buenos para la economia,55.8,1150
BOL,2024,C_004_206,NO son buenos para la economia,59.9,1117
PER,2024,C_004_206,NO son buenos para la economia,67.4,1169
PAN,2024,C_004_206,NO son buenos para la economia,70.7,979
COL,2024,C_004_206,NO son buenos para la economia,71.5,1190
VEN,2020,C_004_207,Compiten por nuestros puestos de trabajo,47.2,1163
MEX,2020,C_004_207,Compiten por nuestros puestos de trabajo,50.6,1174
BRA,2020,C_004_207,Compiten por nuestros puestos de trabajo,52.1,1150
URY,2020,C_004_207,Compiten por nuestros puestos de trabajo,53.6,1168
GTM,2020,C_004_207,Compiten por nuestros puestos de trabajo,54.3,930
SLV,2020,C_004_207,Compiten por nuestros puestos de trabajo,56.0,944
NIC,2020,C_004_207,Compiten por nuestros puestos de trabajo,57.1,882
PRY,2020,C_004_207,Compiten por nuestros puestos de trabajo,58.6,1125
HND,2020,C_004_207,Compiten por nuestros puestos de trabajo,59.7,945
BOL,2020,C_004_207,Compiten por nuestros puestos de trabajo,60.2,1158
PAN,2020,C_004_207,Compiten por nuestros puestos de trabajo,60.3,973
CRI,2020,C_004_207,Compiten por nuestros puestos de trabajo,61.7,988
PER,2020,C_004_207,Compiten por nuestros puestos de trabajo,64.0,1180
COL,2020,C_004_207,Compiten por nuestros puestos de trabajo,64.6,1167
ARG,2020,C_004_207,Compiten por nuestros puestos de trabajo,64.8,1085
DOM,2020,C_004_207,Compiten por nuestros puestos de trabajo,66.8,984
ECU,2020,C_004_207,Compiten por nuestros puestos de trabajo,70.1,1178
CHL,2020,C_004_207,Compiten por nuestros puestos de trabajo,70.6,1136
VEN,2023,C_004_207,Compiten por nuestros puestos de trabajo,39.2,1172
URY,2023,C_004_207,Compiten por nuestros puestos de trabajo,48.3,1182
PRY,2023,C_004_207,Compiten por nuestros puestos de trabajo,48.6,1168
MEX,2023,C_004_207,Compiten por nuestros puestos de trabajo,49.6,1166
SLV,2023,C_004_207,Compiten por nuestros puestos de trabajo,51.8,969
BRA,2023,C_004_207,Compiten por nuestros puestos de trabajo,52.7,1157
CRI,2023,C_004_207,Compiten por nuestros puestos de trabajo,55.1,990
HND,2023,C_004_207,Compiten por nuestros puestos de trabajo,55.2,951
ARG,2023,C_004_207,Compiten por nuestros puestos de trabajo,55.8,1148
BOL,2023,C_004_207,Compiten por nuestros puestos de trabajo,56.6,1175
PAN,2023,C_004_207,Compiten por nuestros puestos de trabajo,57.0,991
GTM,2023,C_004_207,Compiten por nuestros puestos de trabajo,58.5,977
COL,2023,C_004_207,Compiten por nuestros puestos de trabajo,60.8,1181
DOM,2023,C_004_207,Compiten por nuestros puestos de trabajo,63.8,993
CHL,2023,C_004_207,Compiten por nuestros puestos de trabajo,64.1,1175
PER,2023,C_004_207,Compiten por nuestros puestos de trabajo,65.4,1188
ECU,2023,C_004_207,Compiten por nuestros puestos de trabajo,68.5,1190
VEN,2024,C_004_207,Compiten por nuestros puestos de trabajo,28.8,1147
URY,2024,C_004_207,Compiten por nuestros puestos de trabajo,39.8,1182
SLV,2024,C_004_207,Compiten por nuestros puestos de trabajo,43.4,956
PRY,2024,C_004_207,Compiten por nuestros puestos de trabajo,44.2,1152
MEX,2024,C_004_207,Compiten por nuestros puestos de trabajo,50.5,1167
HND,2024,C_004_207,Compiten por nuestros puestos de trabajo,51.4,972
ARG,2024,C_004_207,Compiten por nuestros puestos de trabajo,52.3,1194
BRA,2024,C_004_207,Compiten por nuestros puestos de trabajo,52.4,1159
BOL,2024,C_004_207,Compiten por nuestros puestos de trabajo,53.7,1116
CRI,2024,C_004_207,Compiten por nuestros puestos de trabajo,54.6,991
GTM,2024,C_004_207,Compiten por nuestros puestos de trabajo,56.4,947
DOM,2024,C_004_207,Compiten por nuestros puestos de trabajo,58.3,990
PER,2024,C_004_207,Compiten por nuestros puestos de trabajo,61.3,1179
PAN,2024,C_004_207,Compiten por nuestros puestos de trabajo,61.6,978
CHL,2024,C_004_207,Compiten por nuestros puestos de trabajo,63.2,1179
COL,2024,C_004_207,Compiten por nuestros puestos de trabajo,68.7,1194
ECU,2024,C_004_207,Compiten por nuestros puestos de trabajo,69.1,1193
URY,2020,C_004_208,Causan aumento del crimen,20.6,1102
ARG,2020,C_004_208,Causan aumento del crimen,37.4,1010
BRA,2020,C_004_208,Causan aumento del crimen,37.8,1124
PRY,2020,C_004_208,Causan aumento del crimen,42.7,1029
SLV,2020,C_004_208,Causan aumento del crimen,43.1,902
VEN,2020,C_004_208,Causan aumento del crimen,44.1,1099
HND,2020,C_004_208,Causan aumento del crimen,46.0,908
PAN,2020,C_004_208,Causan aumento del crimen,49.3,945
NIC,2020,C_004_208,Causan aumento del crimen,57.2,814
DOM,2020,C_004_208,Causan aumento del crimen,60.3,951
CRI,2020,C_004_208,Causan aumento del crimen,62.4,956
MEX,2020,C_004_208,Causan aumento del crimen,65.2,1149
COL,2020,C_004_208,Causan aumento del crimen,68.5,1160
GTM,2020,C_004_208,Causan aumento del crimen,68.9,915
PER,2020,C_004_208,Causan aumento del crimen,72.1,1170
BOL,2020,C_004_208,Causan aumento del crimen,72.6,1148
CHL,2020,C_004_208,Causan aumento del crimen,73.3,1071
ECU,2020,C_004_208,Causan aumento del crimen,78.6,1169
URY,2023,C_004_208,Causan aumento del crimen,17.4,1134
PRY,2023,C_004_208,Causan aumento del crimen,35.6,1106
BRA,2023,C_004_208,Causan aumento del crimen,36.1,1132
ARG,2023,C_004_208,Causan aumento del crimen,36.9,1086
SLV,2023,C_004_208,Causan aumento del crimen,37.0,920
VEN,2023,C_004_208,Causan aumento del crimen,37.7,1123
PAN,2023,C_004_208,Causan aumento del crimen,45.8,953
HND,2023,C_004_208,Causan aumento del crimen,46.1,913
MEX,2023,C_004_208,Causan aumento del crimen,51.9,1165
DOM,2023,C_004_208,Causan aumento del crimen,56.8,979
CRI,2023,C_004_208,Causan aumento del crimen,62.5,967
GTM,2023,C_004_208,Causan aumento del crimen,69.0,966
COL,2023,C_004_208,Causan aumento del crimen,70.5,1168
BOL,2023,C_004_208,Causan aumento del crimen,70.7,1161
PER,2023,C_004_208,Causan aumento del crimen,77.6,1185
ECU,2023,C_004_208,Causan aumento del crimen,77.7,1184
CHL,2023,C_004_208,Causan aumento del crimen,87.2,1168
URY,2024,C_004_208,Causan aumento del crimen,21.5,1124
VEN,2024,C_004_208,Causan aumento del crimen,26.4,1107
SLV,2024,C_004_208,Causan aumento del crimen,28.1,930
HND,2024,C_004_208,Causan aumento del crimen,32.3,948
PRY,2024,C_004_208,Causan aumento del crimen,32.8,1102
ARG,2024,C_004_208,Causan aumento del crimen,38.6,1113
BRA,2024,C_004_208,Causan aumento del crimen,40.4,1144
GTM,2024,C_004_208,Causan aumento del crimen,53.2,943
MEX,2024,C_004_208,Causan aumento del crimen,55.9,1148
DOM,2024,C_004_208,Causan aumento del crimen,56.9,982
PAN,2024,C_004_208,Causan aumento del crimen,62.6,965
CRI,2024,C_004_208,Causan aumento del crimen,64.8,966
BOL,2024,C_004_208,Causan aumento del crimen,66.7,1114
ECU,2024,C_004_208,Causan aumento del crimen,76.5,1189
PER,2024,C_004_208,Causan aumento del crimen,77.3,1183
COL,2024,C_004_208,Causan aumento del crimen,78.3,1188
CHL,2024,C_004_208,Causan aumento del crimen,87.1,1180
BRA,2020,C_004_209,NO mejoran la sociedad con ideas y cultura,28.6,1134
URY,2020,C_004_209,NO mejoran la sociedad con ideas y cultura,30.4,1137
VEN,2020,C_004_209,NO mejoran la sociedad con ideas y cultura,33.3,1109
ARG,2020,C_004_209,NO mejoran la sociedad con ideas y cultura,41.6,1034
SLV,2020,C_004_209,NO mejoran la sociedad con ideas y cultura,43.3,930
HND,2020,C_004_209,NO mejoran la sociedad con ideas y cultura,44.4,918
CHL,2020,C_004_209,NO mejoran la sociedad con ideas y cultura,45.8,1066
NIC,2020,C_004_209,NO mejoran la sociedad con ideas y cultura,46.2,833
PRY,2020,C_004_209,NO mejoran la sociedad con ideas y cultura,48.8,1055
DOM,2020,C_004_209,NO mejoran la sociedad con ideas y cultura,49.7,951
CRI,2020,C_004_209,NO mejoran la sociedad con ideas y cultura,50.1,956
PAN,2020,C_004_209,NO mejoran la sociedad con ideas y cultura,54.0,954
BOL,2020,C_004_209,NO mejoran la sociedad con ideas y cultura,61.9,1128
MEX,2020,C_004_209,NO mejoran la sociedad con ideas y cultura,62.8,1163
GTM,2020,C_004_209,NO mejoran la sociedad con ideas y cultura,66.4,889
ECU,2020,C_004_209,NO mejoran la sociedad con ideas y cultura,67.4,1158
COL,2020,C_004_209,NO mejoran la sociedad con ideas y cultura,67.6,1145
PER,2020,C_004_209,NO mejoran la sociedad con ideas y cultura,70.0,1144
URY,2023,C_004_209,NO mejoran la sociedad con ideas y cultura,24.4,1158
BRA,2023,C_004_209,NO mejoran la sociedad con ideas y cultura,31.9,1130
VEN,2023,C_004_209,NO mejoran la sociedad con ideas y cultura,33.1,1153
SLV,2023,C_004_209,NO mejoran la sociedad con ideas y cultura,37.8,944
ARG,2023,C_004_209,NO mejoran la sociedad con ideas y cultura,39.8,1108
PRY,2023,C_004_209,NO mejoran la sociedad con ideas y cultura,43.0,1115
HND,2023,C_004_209,NO mejoran la sociedad con ideas y cultura,43.5,937
CRI,2023,C_004_209,NO mejoran la sociedad con ideas y cultura,49.8,975
DOM,2023,C_004_209,NO mejoran la sociedad con ideas y cultura,54.7,982
MEX,2023,C_004_209,NO mejoran la sociedad con ideas y cultura,57.4,1144
GTM,2023,C_004_209,NO mejoran la sociedad con ideas y cultura,58.8,965
PAN,2023,C_004_209,NO mejoran la sociedad con ideas y cultura,59.5,970
BOL,2023,C_004_209,NO mejoran la sociedad con ideas y cultura,61.9,1143
CHL,2023,C_004_209,NO mejoran la sociedad con ideas y cultura,63.1,1150
COL,2023,C_004_209,NO mejoran la sociedad con ideas y cultura,63.3,1165
ECU,2023,C_004_209,NO mejoran la sociedad con ideas y cultura,67.4,1183
PER,2023,C_004_209,NO mejoran la sociedad con ideas y cultura,67.5,1173
URY,2020,C_004_210,Son una carga para el estado,39.7,1128
BRA,2020,C_004_210,Son una carga para el estado,42.6,1117
SLV,2020,C_004_210,Son una carga para el estado,44.7,913
HND,2020,C_004_210,Son una carga para el estado,44.8,914
VEN,2020,C_004_210,Son una carga para el estado,45.7,1131
NIC,2020,C_004_210,Son una carga para el estado,50.3,825
PRY,2020,C_004_210,Son una carga para el estado,51.0,1039
MEX,2020,C_004_210,Son una carga para el estado,59.8,1159
PAN,2020,C_004_210,Son una carga para el estado,59.9,959
ARG,2020,C_004_210,Son una carga para el estado,62.1,1033
GTM,2020,C_004_210,Son una carga para el estado,63.9,901
BOL,2020,C_004_210,Son una carga para el estado,65.0,1118
CRI,2020,C_004_210,Son una carga para el estado,65.1,962
PER,2020,C_004_210,Son una carga para el estado,66.1,1165
DOM,2020,C_004_210,Son una carga para el estado,67.1,969
COL,2020,C_004_210,Son una carga para el estado,67.2,1153
ECU,2020,C_004_210,Son una carga para el estado,76.3,1157
CHL,2020,C_004_210,Son una carga para el estado,80.0,1095
BRA,2020,C_004_211,NO dan mas de lo que reciben,48.5,1105
URY,2020,C_004_211,NO dan mas de lo que reciben,55.1,1091
SLV,2020,C_004_211,NO dan mas de lo que reciben,56.4,893
HND,2020,C_004_211,NO dan mas de lo que reciben,58.4,900
VEN,2020,C_004_211,NO dan mas de lo que reciben,59.3,1081
NIC,2020,C_004_211,NO dan mas de lo que reciben,60.9,790
CRI,2020,C_004_211,NO dan mas de lo que reciben,61.3,957
DOM,2020,C_004_211,NO dan mas de lo que reciben,66.3,940
ECU,2020,C_004_211,NO dan mas de lo que reciben,70.1,1143
ARG,2020,C_004_211,NO dan mas de lo que reciben,71.3,952
PRY,2020,C_004_211,NO dan mas de lo que reciben,71.5,972
BOL,2020,C_004_211,NO dan mas de lo que reciben,71.6,1091
MEX,2020,C_004_211,NO dan mas de lo que reciben,72.1,1151
PAN,2020,C_004_211,NO dan mas de lo que reciben,72.1,939
PER,2020,C_004_211,NO dan mas de lo que reciben,73.3,1140
GTM,2020,C_004_211,NO dan mas de lo que reciben,73.4,870
CHL,2020,C_004_211,NO dan mas de lo que reciben,78.5,1033
COL,2020,C_004_211,NO dan mas de lo que reciben,79.0,1133
BRA,2020,C_004_212,NO ayudar a los perseguidos politicos,19.5,1143
HND,2020,C_004_212,NO ayudar a los perseguidos politicos,22.2,936
URY,2020,C_004_212,NO ayudar a los perseguidos politicos,23.3,1119
VEN,2020,C_004_212,NO ayudar a los perseguidos politicos,24.4,1126
SLV,2020,C_004_212,NO ayudar a los perseguidos politicos,26.1,948
NIC,2020,C_004_212,NO ayudar a los perseguidos politicos,29.4,839
DOM,2020,C_004_212,NO ayudar a los perseguidos politicos,31.1,956
CRI,2020,C_004_212,NO ayudar a los perseguidos politicos,32.2,967
PRY,2020,C_004_212,NO ayudar a los perseguidos politicos,36.4,1058
COL,2020,C_004_212,NO ayudar a los perseguidos politicos,38.5,1136
PAN,2020,C_004_212,NO ayudar a los perseguidos politicos,40.4,953
ARG,2020,C_004_212,NO ayudar a los perseguidos politicos,40.9,998
CHL,2020,C_004_212,NO ayudar a los perseguidos politicos,43.2,994
GTM,2020,C_004_212,NO ayudar a los perseguidos politicos,43.3,875
MEX,2020,C_004_212,NO ayudar a los perseguidos politicos,45.4,1148
BOL,2020,C_004_212,NO ayudar a los perseguidos politicos,51.1,1122
ECU,2020,C_004_212,NO ayudar a los perseguidos politicos,56.7,1146
PER,2020,C_004_212,NO ayudar a los perseguidos politicos,58.0,1148
BRA,2020,C_004_213,NO deben tener igual acceso a salud/educacion,10.8,1163
SLV,2020,C_004_213,NO deben tener igual acceso a salud/educacion,10.8,972
HND,2020,C_004_213,NO deben tener igual acceso a salud/educacion,14.0,957
URY,2020,C_004_213,NO deben tener igual acceso a salud/educacion,14.1,1152
NIC,2020,C_004_213,NO deben tener igual acceso a salud/educacion,15.8,913
VEN,2020,C_004_213,NO deben tener igual acceso a salud/educacion,15.8,1170
DOM,2020,C_004_213,NO deben tener igual acceso a salud/educacion,26.4,966
PRY,2020,C_004_213,NO deben tener igual acceso a salud/educacion,29.9,1097
PAN,2020,C_004_213,NO deben tener igual acceso a salud/educacion,33.0,962
GTM,2020,C_004_213,NO deben tener igual acceso a salud/educacion,36.5,887
ECU,2020,C_004_213,NO deben tener igual acceso a salud/educacion,37.4,1164
CRI,2020,C_004_213,NO deben tener igual acceso a salud/educacion,38.2,971
MEX,2020,C_004_213,NO deben tener igual acceso a salud/educacion,38.8,1168
COL,2020,C_004_213,NO deben tener igual acceso a salud/educacion,40.2,1150
CHL,2020,C_004_213,NO deben tener igual acceso a salud/educacion,40.4,1015
BOL,2020,C_004_213,NO deben tener igual acceso a salud/educacion,42.1,1141
PER,2020,C_004_213,NO deben tener igual acceso a salud/educacion,53.4,1158
ARG,2020,C_004_213,NO deben tener igual acceso a salud/educacion,53.6,1030
HND,2020,C_004_214,Enviarlos de regreso a su pais,23.3,948
SLV,2020,C_004_214,Enviarlos de regreso a su pais,25.7,952
VEN,2020,C_004_214,Enviarlos de regreso a su pais,26.0,1161
BRA,2020,C_004_214,Enviarlos de regreso a su pais,28.9,1147
NIC,2020,C_004_214,Enviarlos de regreso a su pais,30.0,914
URY,2020,C_004_214,Enviarlos de regreso a su pais,34.9,1168
MEX,2020,C_004_214,Enviarlos de regreso a su pais,36.7,1184
BOL,2020,C_004_214,Enviarlos de regreso a su pais,47.1,1165
COL,2020,C_004_214,Enviarlos de regreso a su pais,49.5,1180
ECU,2020,C_004_214,Enviarlos de regreso a su pais,50.4,1184
PRY,2020,C_004_214,Enviarlos de regreso a su pais,50.6,1145
PAN,2020,C_004_214,Enviarlos de regreso a su pais,52.5,977
ARG,2020,C_004_214,Enviarlos de regreso a su pais,56.8,1105
GTM,2020,C_004_214,Enviarlos de regreso a su pais,58.4,941
DOM,2020,C_004_214,Enviarlos de regreso a su pais,58.5,977
CHL,2020,C_004_214,Enviarlos de regreso a su pais,59.4,1125
PER,2020,C_004_214,Enviarlos de regreso a su pais,64.7,1169
CRI,2020,C_004_214,Enviarlos de regreso a su pais,65.6,985
