name,team_iso3,birth_iso3,source,born_in_country
Aaron Hickey,GBR,GBR,wikidata,1
Aaron Tshibola,COD,GBR,wikidata,0
Aaron Wan-Bissaka,COD,GBR,wikidata,0
Abbosbek Fayzullaev,UZB,UZB,wikidata,1
Abdallah Al-Fakhouri,JOR,JOR,fcmaps_fallback,1
Abdallah Nasib,JOR,JOR,fcmaps_fallback,1
Abde Ezzalzouli,MAR,MAR,wikidata,1
Abdelmouhib Chamakh,TUN,TUN,fcmaps_fallback,1
Abdoulaye Seck,SEN,SEN,fcmaps_fallback,1
Abdukodir Khusanov,UZB,UZB,wikidata,1
Abdulaziz Hatim,QAT,QAT,fcmaps_fallback,1
Abdulelah Al-Amri,SAU,SAU,wikidata,1
Abdul Fatawu,GHA,GHA,wikidata,1
AbdÃ¼lkerim BardakcÄ±,TUR,TUR,fcmaps_fallback,1
Abdulla Abdullaev,UZB,UZB,wikidata,1
Abdullah Al-Hamdan,SAU,SAU,wikidata,1
Abdullah Al-Khaibari,SAU,SAU,wikidata,1
Abdul Mumin,GHA,GHA,wikidata,1
Abdul Rahman Baba,GHA,GHA,wikidata,1
Abduvokhid Nematov,UZB,UZB,fcmaps_fallback,1
Achraf Hakimi,MAR,ESP,wikidata,0
Achref Abada,DZA,DZA,wikidata,1
Adalberto Carrasquilla,PAN,PAN,wikidata,1
Adam Hlozek,CZE,CZE,wikidata,1
Adem Arous,TUN,SAU,wikidata,0
Adil Boulbina,DZA,DZA,wikidata,1
Adrien Rabiot,FRA,FRA,wikidata,1
AgustÃ­n Canobbio,URY,URY,fcmaps_fallback,1
Ahmed Alaaeldin,QAT,EGY,wikidata,0
Ahmed Al-Ganehi,QAT,QAT,wikidata,1
Ahmed Al-Kassar,SAU,SAU,wikidata,1
Ahmed Basil Fadhil,IRQ,IRQ,fcmaps_fallback,1
Ahmed Fathi,QAT,QAT,fcmaps_fallback,1
Ahmed Fatouh,EGY,EGY,wikidata,1
Ahmed Qasem,IRQ,SWE,fcmaps_fallback,0
Ahmed Reda Tagnaouti,MAR,MAR,wikidata,1
Ahmed Yahya,IRQ,IRQ,wikidata,1
Aiden O'Neill,AUS,AUS,wikidata,1
Aimar Sher,IRQ,IRQ,wikidata,1
AÃ¯ssa Mandi,DZA,FRA,fcmaps_fallback,0
Ajdin Hrustic,AUS,AUS,wikidata,1
Akam Hashem,IRQ,IRQ,fcmaps_fallback,1
Akmal Mozgovoy,UZB,UZB,wikidata,1
Akram Afif,QAT,QAT,wikidata,1
Alaa Hejji,SAU,SAU,fcmaps_fallback,1
Alan Franco,ECU,ECU,fcmaps_fallback,1
Alan Minda,ECU,ECU,wikidata,1
Alban Lafont,CIV,BFA,fcmaps_fallback,0
Alberto Quintero,PAN,PAN,fcmaps_fallback,1
Alejandro Grimaldo,ESP,ESP,wikidata,1
Aleksandar Pavlovic,DEU,DEU,fcmaps_fallback,1
Alessandro Circati,AUS,ITA,wikidata,0
Alessandro SchÃ¶pf,AUT,AUT,fcmaps_fallback,1
Alexander Bernhardsson,SWE,SWE,wikidata,1
Alexander Djiku,GHA,FRA,wikidata,0
Alexander Isak,SWE,SWE,wikidata,1
Alexander NÃ¼bel,DEU,DEU,fcmaps_fallback,1
Alexander Prass,AUT,AUT,wikidata,1
Alexander Schlager,AUT,AUT,wikidata,1
Alexander SÃ¸rloth,NOR,NOR,fcmaps_fallback,1
Alexandre Pierre,HTI,FRA,wikidata,0
Alexandro Maidana,PRY,PRY,wikidata,1
Alexandr Sojka,CZE,CZE,wikidata,1
Ãlex Arce,PRY,PRY,fcmaps_fallback,1
Ãlex Baena,ESP,ESP,fcmaps_fallback,1
Alex Freeman,USA,USA,wikidata,1
Alexis Mac Allister,ARG,ARG,wikidata,1
Alexis Saelemaekers,BEL,BEL,wikidata,1
Alexis Vega,MEX,MEX,fcmaps_fallback,1
Alex Paulsen,NZL,NZL,wikidata,1
Alex Rufer,NZL,NZL,wikidata,1
Alex Sandro,BRA,BRA,wikidata,1
Ãlex Zendejas,USA,MEX,fcmaps_fallback,0
Alfie Jones,CAN,GBR,wikidata,0
Al-Hashmi Al-Hussain,QAT,QAT,fcmaps_fallback,1
Ali Abdi,TUN,TUN,fcmaps_fallback,1
Ali Ahmed,CAN,CAN,fcmaps_fallback,1
Ali Al-Hamadi,IRQ,IRQ,wikidata,1
Ali Alipour,IRN,IRN,wikidata,1
Ali Azaizeh,JOR,DEU,wikidata,0
Alidu Seidu,GHA,GHA,wikidata,1
Ali Jasim,IRQ,IRQ,wikidata,1
Ali Lajami,SAU,SAU,wikidata,1
Ali Majrashi,SAU,SAU,wikidata,1
Ali Nemati,IRN,IRN,wikidata,1
Ali Olwan,JOR,JOR,fcmaps_fallback,1
Alireza Beiranvand,IRN,IRN,wikidata,1
Alireza Jahanbakhsh,IRN,IRN,fcmaps_fallback,1
Alisson,BRA,BRA,wikidata,1
Alistair Johnston,CAN,CAN,wikidata,1
Ali Yousif,IRQ,IRQ,wikidata,1
Almoez Ali,QAT,SDN,wikidata,0
Alphonso Davies,CAN,GHA,fcmaps_fallback,0
Altay BayÄ±ndÄ±r,TUR,TUR,fcmaps_fallback,1
Ãlvaro Fidalgo,MEX,ESP,fcmaps_fallback,0
Ãlvaro Montero,COL,COL,fcmaps_fallback,1
Amad Diallo,CIV,CIV,wikidata,1
Amadou Onana,BEL,SEN,wikidata,0
Amar DediÄ,BIH,AUT,fcmaps_fallback,0
Amar MemiÄ,BIH,BIH,fcmaps_fallback,1
Amer Jamous,JOR,JOR,fcmaps_fallback,1
Amine Gouiri,DZA,FRA,wikidata,0
Amir Al-Ammari,IRQ,SWE,wikidata,0
Amir Hadziahmetovic,BIH,DNK,wikidata,0
Amirhossein Hosseinzadeh,IRN,IRN,wikidata,1
Amirmohammad Razzaghinia,IRN,IRN,wikidata,1
Amir Murillo,PAN,PAN,wikidata,1
Anas Badawi,JOR,JOR,fcmaps_fallback,1
Anass Salah-Eddine,MAR,NLD,wikidata,0
Andreas Schjelderup,NOR,NOR,wikidata,1
Andrej Kramaric,HRV,HRV,wikidata,1
AndrÃ©s Andrade,PAN,PAN,fcmaps_fallback,1
AndrÃ©s Cubas,PRY,ARG,fcmaps_fallback,0
AndrÃ©s GÃ³mez,COL,COL,fcmaps_fallback,1
Andrew Robertson,GBR,GBR,wikidata,1
Angelo Preciado,ECU,ECU,wikidata,1
Angelo Stiller,DEU,DEU,wikidata,1
Ange-Yoan Bonny,CIV,FRA,wikidata,0
Angus Gunn,GBR,GBR,wikidata,1
AnÃ­bal Godoy,PAN,PAN,fcmaps_fallback,1
Anis Ben Slimane,TUN,DNK,fcmaps_fallback,0
Anis Hadj Moussa,DZA,FRA,wikidata,0
Ante Budimir,HRV,BIH,wikidata,0
Anthony Elanga,SWE,SWE,wikidata,1
Anthony Gordon,GBR,GBR,fcmaps_fallback,1
Anthony Ralston,GBR,GBR,wikidata,1
Anthony Valencia,ECU,ECU,wikidata,1
Antoine Mendy,SEN,FRA,fcmaps_fallback,0
Antoine Semenyo,GHA,GBR,wikidata,0
Antonee Robinson,USA,GBR,wikidata,0
Antonio Nusa,NOR,NOR,wikidata,1
Antonio RÃ¼diger,DEU,DEU,fcmaps_fallback,1
Antonio Sanabria,PRY,PRY,wikidata,1
Ao Tanaka,JPN,JPN,wikidata,1
Aral ÅimÅir,TUR,DNK,fcmaps_fallback,0
Arda GÃ¼ler,TUR,TUR,fcmaps_fallback,1
Ardon Jashari,CHE,CHE,wikidata,1
Arjan Malic,BIH,SVN,fcmaps_fallback,0
Ar'jany Martha,CUW,NLD,wikidata,0
Armando GonzÃ¡lez,MEX,MEX,fcmaps_fallback,1
Armando Obispo,CUW,NLD,wikidata,0
Armin Gigovic,BIH,SWE,wikidata,0
Arthur Masuaku,COD,FRA,wikidata,0
Arthur Theate,BEL,BEL,wikidata,1
Arya Yousefi,IRN,IRN,fcmaps_fallback,1
Assane Diao,SEN,SEN,wikidata,1
Assim Madibo,QAT,QAT,wikidata,1
Aubrey Modiba,ZAF,ZAF,wikidata,1
Augustine Boakye,GHA,GHA,wikidata,1
AurÃ¨le Amenda,CHE,CHE,fcmaps_fallback,1
AurÃ©lien TchouamÃ©ni,FRA,FRA,fcmaps_fallback,1
Auston Trusty,USA,USA,wikidata,1
Avazbek Ulmasaliev,UZB,UZB,wikidata,1
Awer Mabil,AUS,KEN,wikidata,0
Axel Tuanzebe,COD,COD,wikidata,1
Axel Witsel,BEL,BEL,wikidata,1
Ayase Ueda,JPN,JPN,wikidata,1
Ayman Yahya,SAU,SAU,wikidata,1
Aymen Dahmen,TUN,TUN,wikidata,1
Aymen Hussein,IRQ,IRQ,wikidata,1
Aymeric Laporte,ESP,FRA,wikidata,0
Ayoub Al-Oui,QAT,QAT,fcmaps_fallback,1
Ayoube Amaimouni-Echghouyab,MAR,ESP,wikidata,0
Ayoub El Kaabi,MAR,MAR,wikidata,1
Ayumu Seko,JPN,JPN,wikidata,1
Ayyoub Bouaddi,MAR,FRA,wikidata,0
AzarÃ­as LondoÃ±o,PAN,PAN,fcmaps_fallback,1
Aziz Behich,AUS,AUS,wikidata,1
Azizbek Amanov,UZB,UZB,wikidata,1
Aziz Ganiev,UZB,UZB,fcmaps_fallback,1
Azzedine Ounahi,MAR,MAR,wikidata,1
Bamba Dieng,SEN,SEN,wikidata,1
Bara Sapoko Ndiaye,SEN,SEN,wikidata,1
BarÄ±Å Alper YÄ±lmaz,TUR,TUR,fcmaps_fallback,1
Bart Verbruggen,NLD,NLD,wikidata,1
Bazoumana TourÃ©,CIV,CIV,fcmaps_fallback,1
Bekhruz Karimov,UZB,UZB,wikidata,1
Benchimol,CPV,CPV,fcmaps_fallback,1
Ben Gannon-Doak,GBR,GBR,wikidata,1
Benjamin Asare,GHA,GHA,fcmaps_fallback,1
Benjamin Nygren,SWE,SWE,wikidata,1
Benjamin TahiroviÄ,BIH,SWE,fcmaps_fallback,0
Ben Old,NZL,NZL,wikidata,1
Ben Waine,NZL,NZL,wikidata,1
Bernardo Silva,PRT,PRT,wikidata,1
Besfort Zeneli,SWE,SWE,fcmaps_fallback,1
Bilal El Khannouss,MAR,BEL,wikidata,0
Billy Gilmour,GBR,GBR,wikidata,1
Borja Iglesias,ESP,ESP,wikidata,1
Botirali Ergashev,UZB,UZB,wikidata,1
Boualem Khoukhi,QAT,DZA,wikidata,0
Bradley Barcola,FRA,FRA,wikidata,1
Bradley Cross,ZAF,ZAF,fcmaps_fallback,1
Brahim DÃ­az,MAR,ESP,fcmaps_fallback,0
Braian Ojeda,PRY,PRY,wikidata,1
Brandley Kuwas,CUW,NLD,wikidata,0
Brandon Mechele,BEL,BEL,wikidata,1
Brandon Thomas-Asante,GHA,GBR,wikidata,0
Breel Embolo,CHE,CMR,wikidata,0
Bremer,BRA,BRA,fcmaps_fallback,1
Brenden Aaronson,USA,USA,wikidata,1
Brian Brobbey,NLD,NLD,wikidata,1
Brian Cipenga,COD,COD,fcmaps_fallback,1
Brian GutiÃ©rrez,MEX,USA,fcmaps_fallback,0
Brian RodrÃ­guez,URY,URY,fcmaps_fallback,1
Brice Samba,FRA,COG,wikidata,0
Bruno Fernandes,PRT,PRT,wikidata,1
Bruno GuimarÃ£es,BRA,BRA,fcmaps_fallback,1
Bukayo Saka,GBR,GBR,wikidata,1
Bum-keun Song,KOR,KOR,fcmaps_fallback,1
ÃaÄlar SÃ¶yÃ¼ncÃ¼,TUR,TUR,fcmaps_fallback,1
Caleb Yirenkyi,GHA,GHA,wikidata,1
Callan Elliot,NZL,GBR,wikidata,0
Callum McCowatt,NZL,NZL,wikidata,1
Cameron Burgess,AUS,GBR,wikidata,0
Camilo Vargas,COL,COL,wikidata,1
Cammy Devlin,AUS,AUS,wikidata,1
Can Uzun,TUR,DEU,wikidata,0
Carlens Arcus,HTI,HTI,wikidata,1
Carlos Acevedo,MEX,MEX,wikidata,1
Carlos Harvey,PAN,PAN,wikidata,1
Carl SaintÃ©,HTI,HTI,fcmaps_fallback,1
Carl Starfelt,SWE,SWE,wikidata,1
Carney Chukwuemeka,AUT,AUT,wikidata,1
Casemiro,BRA,BRA,wikidata,1
Cecilio Waterman,PAN,PAN,wikidata,1
CÃ©dric Bakambu,COD,FRA,fcmaps_fallback,0
Cedric Itten,CHE,CHE,wikidata,1
CÃ©sar Blackman,PAN,PAN,fcmaps_fallback,1
CÃ©sar Huerta,MEX,MEX,fcmaps_fallback,1
CÃ©sar Montes,MEX,MEX,fcmaps_fallback,1
CÃ©sar Samudio,PAN,PAN,fcmaps_fallback,1
CÃ©sar Yanis,PAN,PAN,fcmaps_fallback,1
Chadi Riad,MAR,ESP,wikidata,0
Chancel Mbemba,COD,COD,wikidata,1
Charles De Ketelaere,BEL,BEL,wikidata,1
Charles Pickel,COD,CHE,wikidata,0
ChÃ© Adams,GBR,GBR,fcmaps_fallback,1
Chemsdine Talbi,MAR,BEL,wikidata,0
Cherif Ndiaye,SEN,SEN,wikidata,1
Chris Brady,USA,USA,fcmaps_fallback,1
Chris Richards,USA,USA,fcmaps_fallback,1
Christian Fassnacht,CHE,CHE,wikidata,1
Christian Pulisic,USA,USA,wikidata,1
Christ Inao OulaÃ¯,CIV,CIV,fcmaps_fallback,1
Christoph Baumgartner,AUT,AUT,wikidata,1
Christopher Bonsu Baah,GHA,GHA,wikidata,1
Christopher Operi,CIV,CIV,wikidata,1
Chris Wood,NZL,NZL,fcmaps_fallback,1
CJ dos Santos,CPV,USA,wikidata,0
Cody Gakpo,NLD,NLD,wikidata,1
Connor Metcalfe,AUS,AUS,wikidata,1
Craig Gordon,GBR,GBR,wikidata,1
Cristian MartÃ­nez,PAN,PAN,fcmaps_fallback,1
Cristiano Ronaldo,PRT,PRT,wikidata,1
Cristian RoldÃ¡n,USA,USA,fcmaps_fallback,1
Cristian Romero,ARG,ARG,wikidata,1
Cristian Volpato,AUS,AUS,wikidata,1
Crysencio Summerville,NLD,NLD,wikidata,1
Cucho HernÃ¡ndez,COL,COL,fcmaps_fallback,1
Cyle Larin,CAN,CAN,wikidata,1
Daichi Kamada,JPN,JPN,wikidata,1
Dailon Livramento,CPV,NLD,wikidata,0
Daizen Maeda,JPN,JPN,wikidata,1
DamiÃ¡n Bobadilla,PRY,PRY,fcmaps_fallback,1
Dan Burn,GBR,GBR,wikidata,1
Danial Eiri,IRN,IRN,wikidata,1
Daniel MuÃ±oz,COL,COL,fcmaps_fallback,1
Daniel Svensson,SWE,SWE,wikidata,1
Danilo,BRA,BRA,fcmaps_fallback,1
Danilo,BRA,BRA,fcmaps_fallback,1
Dani Olmo,ESP,ESP,wikidata,1
Danley Jean Jacques,HTI,HTI,wikidata,1
Dan Ndoye,CHE,CHE,wikidata,1
Darwin NÃºÃ±ez,URY,URY,fcmaps_fallback,1
David Affengruber,AUT,AUT,fcmaps_fallback,1
David Alaba,AUT,AUT,wikidata,1
David Doudera,CZE,CZE,fcmaps_fallback,1
David JurÃ¡sek,CZE,CZE,fcmaps_fallback,1
David MÃ¸ller Wolfe,NOR,NOR,fcmaps_fallback,1
David Ospina,COL,COL,wikidata,1
David Raum,DEU,DEU,wikidata,1
David Raya,ESP,ESP,wikidata,1
David Zima,CZE,CZE,wikidata,1
Davinson SÃ¡nchez,COL,COL,fcmaps_fallback,1
Dayne St. Clair,CAN,CAN,wikidata,1
Dayot Upamecano,FRA,FRA,wikidata,1
Dean Henderson,GBR,GBR,wikidata,1
Declan Rice,GBR,GBR,wikidata,1
Deiver Machado,COL,COL,wikidata,1
Demir Ege TÄ±knaz,TUR,TUR,fcmaps_fallback,1
Denil Castillo,ECU,ECU,wikidata,1
Denis Visinsky,CZE,CZE,wikidata,1
Denis Zakaria,CHE,CHE,wikidata,1
Deniz GÃ¼l,TUR,SWE,fcmaps_fallback,0
Deniz Undav,DEU,DEU,wikidata,1
Dennis Eckert Ayensa,IRN,DEU,wikidata,0
Dennis Hadzikadunic,BIH,SWE,wikidata,0
Denzel Dumfries,NLD,NLD,wikidata,1
Derek Cornelius,CAN,CAN,wikidata,1
Deroy Duarte,CPV,NLD,wikidata,0
Derrick Etienne Jr.,HTI,USA,wikidata,0
Derrick Luckassen,GHA,NLD,wikidata,0
DÃ©sirÃ© DouÃ©,FRA,FRA,fcmaps_fallback,1
Deveron Fonville,CUW,NLD,wikidata,0
Diego GÃ³mez,PRY,PRY,fcmaps_fallback,1
Diego Moreira,BEL,BEL,wikidata,1
Diney Borges,CPV,CPV,fcmaps_fallback,1
Diogo Costa,PRT,CHE,wikidata,0
Diogo Dalot,PRT,PRT,wikidata,1
Djed Spence,GBR,GBR,wikidata,1
Djibril Sow,CHE,CHE,wikidata,1
Dodi LukÃ©bakio,BEL,BEL,fcmaps_fallback,1
Dominic Hyam,GBR,GBR,wikidata,1
Dominik Kotarski,HRV,HRV,wikidata,1
Dominik Livakovic,HRV,HRV,wikidata,1
Dominique Simon,HTI,FRA,wikidata,0
Dong-gyeong Lee,KOR,KOR,fcmaps_fallback,1
Donyell Malen,NLD,NLD,wikidata,1
Dostonbek Khamdamov,UZB,UZB,wikidata,1
Douglas Santos,BRA,BRA,fcmaps_fallback,1
Duckens Nazon,HTI,FRA,wikidata,0
Duje Caleta-Car,HRV,HRV,wikidata,1
Duke Lacroix,HTI,USA,wikidata,0
Dylan Batubinsika,COD,FRA,wikidata,0
Dylan Bronn,TUN,FRA,wikidata,0
Dzenis Burnic,BIH,DEU,wikidata,0
Eberechi Eze,GBR,GBR,wikidata,1
Ederson,BRA,BRA,fcmaps_fallback,1
Edgardo FariÃ±a,PAN,PAN,fcmaps_fallback,1
Edin Dzeko,BIH,BIH,wikidata,1
EdmÃ­lson Junior,QAT,BEL,fcmaps_fallback,0
Edo Kayembe,COD,COD,wikidata,1
Edouard Mendy,SEN,FRA,wikidata,0
Edson Ãlvarez,MEX,MEX,fcmaps_fallback,1
Egil Selvik,NOR,NOR,wikidata,1
Ehsan Haddad,JOR,JOR,fcmaps_fallback,1
Ehsan Hajsafi,IRN,IRN,wikidata,1
Eldor Shomurodov,UZB,UZB,wikidata,1
El Hadji Malick Diouf,SEN,SEN,wikidata,1
Elias Achouri,TUN,FRA,wikidata,0
Elias Saad,TUN,DEU,wikidata,0
Elijah Just,NZL,NZL,wikidata,1
Elisha Owusu,GHA,FRA,wikidata,0
Elliot Anderson,GBR,GBR,fcmaps_fallback,1
Elliot Stroud,SWE,SWE,fcmaps_fallback,1
Ellyes Skhiri,TUN,FRA,wikidata,0
El Mahdi Soliman,EGY,EGY,fcmaps_fallback,1
Eloy Room,CUW,NLD,wikidata,0
Elye Wahi,CIV,FRA,wikidata,0
Emam Ashour,EGY,EGY,wikidata,1
Emiliano MartÃ­nez,URY,URY,fcmaps_fallback,1
Emiliano MartÃ­nez,ARG,ARG,fcmaps_fallback,1
Emmanuel Agbadou,CIV,CIV,wikidata,1
Endrick,BRA,BRA,fcmaps_fallback,1
Enner Valencia,ECU,ECU,wikidata,1
Enzo FernÃ¡ndez,ARG,ARG,fcmaps_fallback,1
Eray CÃ¶mert,CHE,CHE,fcmaps_fallback,1
Eren ElmalÄ±,TUR,TUR,fcmaps_fallback,1
Ãric Davis,PAN,PAN,fcmaps_fallback,1
Eric GarcÃ­a,ESP,ESP,fcmaps_fallback,1
Eric Smith,SWE,SWE,fcmaps_fallback,1
Ãrik Lira,MEX,MEX,fcmaps_fallback,1
Erling Haaland,NOR,GBR,wikidata,0
Ermedin Demirovic,BIH,DEU,wikidata,0
Ermin Mahmic,BIH,AUT,fcmaps_fallback,0
Ernest Nuamah,GHA,GHA,wikidata,1
Esmir Bajraktarevic,BIH,USA,wikidata,0
Evan Ndicka,CIV,FRA,wikidata,0
Evann Guessand,CIV,FRA,wikidata,0
Evidence Makgopa,ZAF,ZAF,fcmaps_fallback,1
Exequiel Palacios,ARG,ARG,wikidata,1
Ezri Konsa,GBR,GBR,wikidata,1
FabiÃ¡n Balbuena,PRY,PRY,fcmaps_fallback,1
Fabian Rieder,CHE,CHE,wikidata,1
FabiÃ¡n Ruiz,ESP,ESP,fcmaps_fallback,1
Fabinho,BRA,BRA,fcmaps_fallback,1
Facundo Medina,ARG,ARG,wikidata,1
Facundo Pellistri,URY,URY,wikidata,1
Fahad Talib,IRQ,IRQ,wikidata,1
FarÃ¨s ChaÃ¯bi,DZA,FRA,fcmaps_fallback,0
FarÃ¨s Ghedjemis,DZA,FRA,fcmaps_fallback,0
Farrukh Sayfiev,UZB,UZB,wikidata,1
Federico Valverde,URY,URY,wikidata,1
Federico ViÃ±as,URY,URY,fcmaps_fallback,1
Felix Nmecha,DEU,DEU,wikidata,1
FÃ©lix Torres,ECU,ECU,fcmaps_fallback,1
Ferdi KadÄ±oÄlu,TUR,NLD,fcmaps_fallback,0
Fernando Muslera,URY,ARG,wikidata,0
Ferran Torres,ESP,ESP,wikidata,1
Fidel Escobar,PAN,PAN,wikidata,1
Findlay Curtis,GBR,GBR,wikidata,1
Finn Surman,NZL,NZL,wikidata,1
Firas Al-Buraikan,SAU,SAU,wikidata,1
Firas Chaouat,TUN,TUN,wikidata,1
Fiston Mayele,COD,COD,wikidata,1
Florian Grillitsch,AUT,AUT,wikidata,1
Florian Wiegele,AUT,AUT,wikidata,1
Florian Wirtz,DEU,DEU,wikidata,1
Folarin Balogun,USA,USA,wikidata,1
Francisco ConceiÃ§Ã£o,PRT,PRT,fcmaps_fallback,1
Francisco TrincÃ£o,PRT,PRT,fcmaps_fallback,1
Francis de Vries,NZL,NZL,wikidata,1
Franck KessiÃ©,CIV,CIV,fcmaps_fallback,1
Frans Dhia Putros,IRQ,DNK,wikidata,0
Frantzdy Pierrot,HTI,HTI,wikidata,1
Fredrik Aursnes,NOR,NOR,wikidata,1
Fredrik BjÃ¸rkan,NOR,NOR,fcmaps_fallback,1
Frenkie de Jong,NLD,NLD,wikidata,1
Gabriel,BRA,BRA,fcmaps_fallback,1
Gabriel Ãvalos,PRY,PRY,fcmaps_fallback,1
Gabriel Gudmundsson,SWE,SWE,wikidata,1
Gabriel Martinelli,BRA,BRA,wikidata,1
GaÃ«l Kakuta,COD,FRA,fcmaps_fallback,0
Garry Rodrigues,CPV,NLD,wikidata,0
GastÃ³n Olveira,PRY,URY,fcmaps_fallback,0
Gavi,ESP,ESP,fcmaps_fallback,1
GÃ©dÃ©on Kalulu,COD,FRA,fcmaps_fallback,0
George Hirst,GBR,GBR,wikidata,1
GerÃ³nimo Rulli,ARG,ARG,fcmaps_fallback,1
Gervane Kastaneer,CUW,NLD,wikidata,0
Gessime Yassine,MAR,FRA,wikidata,0
Ghislain Konan,CIV,CIV,wikidata,1
Gideon Mensah,GHA,GHA,fcmaps_fallback,1
Gi-hyuk Lee,KOR,KOR,fcmaps_fallback,1
Gilberto Mora,MEX,MEX,fcmaps_fallback,1
Giorgian de Arrascaeta,URY,URY,wikidata,1
Giovani Lo Celso,ARG,ARG,wikidata,1
Giovanni Reyna,USA,GBR,wikidata,0
Giuliano Simeone,ARG,ITA,wikidata,0
Godfried Roemeratoe,CUW,NLD,wikidata,0
GonÃ§alo Guedes,PRT,PRT,fcmaps_fallback,1
GonÃ§alo InÃ¡cio,PRT,PRT,fcmaps_fallback,1
GonÃ§alo Ramos,PRT,PRT,fcmaps_fallback,1
Gonzalo Montiel,ARG,ARG,wikidata,1
Gonzalo Plata,ECU,ECU,wikidata,1
Gonzalo Valle,ECU,ECU,wikidata,1
Granit Xhaka,CHE,CHE,wikidata,1
Grant Hanley,GBR,GBR,wikidata,1
Gregor Kobel,CHE,CHE,wikidata,1
GuÃ©la DouÃ©,CIV,FRA,fcmaps_fallback,0
Gue-sung Cho,KOR,KOR,fcmaps_fallback,1
Guillermo MartÃ­nez,MEX,MEX,fcmaps_fallback,1
Guillermo Ochoa,MEX,MEX,wikidata,1
Guillermo Varela,URY,URY,wikidata,1
Gustaf Lagerbielke,SWE,SWE,fcmaps_fallback,1
Gustaf Nilsson,SWE,SWE,fcmaps_fallback,1
Gustavo Caballero,PRY,PRY,wikidata,1
Gustavo GÃ³mez,PRY,PRY,fcmaps_fallback,1
Gustavo Puerta,COL,COL,wikidata,1
Gustavo VelÃ¡zquez,PRY,PRY,fcmaps_fallback,1
Guus Til,NLD,ZMB,fcmaps_fallback,0
Habib Diarra,SEN,SEN,wikidata,1
Haissem Hassan,EGY,FRA,wikidata,0
Haji Wright,USA,USA,wikidata,1
Hakan ÃalhanoÄlu,TUR,DEU,fcmaps_fallback,0
Hamdy Fathy,EGY,EGY,wikidata,1
Hamza Abdelkarim,EGY,EGY,wikidata,1
Han-beom Lee,KOR,KOR,fcmaps_fallback,1
Hannes Delcroix,HTI,HTI,wikidata,1
Hannibal,TUN,FRA,fcmaps_fallback,0
Hans Vanaken,BEL,BEL,wikidata,1
Haris Tabakovic,BIH,CHE,wikidata,0
Harry Kane,GBR,GBR,wikidata,1
Harry Souttar,AUS,GBR,wikidata,0
Hasan Al-Haydos,QAT,QAT,fcmaps_fallback,1
Hassan Kadesh,SAU,SAU,wikidata,1
Hassan Tambakti,SAU,SAU,wikidata,1
Hazem Mastouri,TUN,TUN,wikidata,1
Hee-chan Hwang,KOR,KOR,wikidata,1
HÃ©lio Varela,CPV,PRT,fcmaps_fallback,0
Henrik Falchener,NOR,NOR,fcmaps_fallback,1
Herman Johansson,SWE,SWE,wikidata,1
HernÃ¡n GalÃ­ndez,ECU,ARG,fcmaps_fallback,0
Heung-min Son,KOR,KOR,wikidata,1
Hicham Boudaoui,DZA,DZA,wikidata,1
Hiroki Ito,JPN,JPN,fcmaps_fallback,1
Hjalmar Ekdal,SWE,SWE,wikidata,1
Homam Al-Amin,QAT,QAT,fcmaps_fallback,1
Hossam Abdelmaguid,EGY,EGY,wikidata,1
Hossein Kanaani,IRN,IRN,wikidata,1
Houssem Aouar,DZA,FRA,wikidata,0
Hugo Sochurek,CZE,CZE,fcmaps_fallback,1
Husam Abu Dahab,JOR,JOR,fcmaps_fallback,1
Hussein Ali,IRQ,SWE,fcmaps_fallback,0
Hyeon-gyu Oh,KOR,KOR,fcmaps_fallback,1
Hyeon-woo Jo,KOR,KOR,fcmaps_fallback,1
Hyun-jun Yang,KOR,KOR,fcmaps_fallback,1
Ibrahim Adel,EGY,EGY,wikidata,1
Ibrahima KonatÃ©,FRA,FRA,fcmaps_fallback,1
Ibrahim Bayesh,IRQ,IRQ,wikidata,1
Ibrahim Maza,DZA,DEU,wikidata,0
Ibrahim Mbaye,SEN,FRA,wikidata,0
Ibrahim Saadeh,JOR,JOR,fcmaps_fallback,1
Ibrahim Sabra,JOR,JOR,fcmaps_fallback,1
Ibrahim SangarÃ©,CIV,CIV,fcmaps_fallback,1
Idrissa Gueye,SEN,SEN,wikidata,1
Igor Matanovic,HRV,DEU,wikidata,0
Igor Sergeev,UZB,UZB,wikidata,1
Igor Thiago,BRA,BRA,wikidata,1
Ilay Camara,SEN,BEL,wikidata,0
Iliman Ndiaye,SEN,FRA,wikidata,0
Ime Okon,ZAF,ZAF,wikidata,1
IÃ±aki Williams,GHA,ESP,fcmaps_fallback,0
In-beom Hwang,KOR,KOR,fcmaps_fallback,1
Iqraam Rayners,ZAF,ZAF,wikidata,1
Ä°rfan Can Kahveci,TUR,TUR,fcmaps_fallback,1
Isak Hien,SWE,SWE,wikidata,1
Isidro Pitta,PRY,PRY,wikidata,1
Ismael DÃ­az,PAN,PAN,fcmaps_fallback,1
IsmaÃ«l Gharbi,TUN,FRA,fcmaps_fallback,0
IsmaÃ«l KonÃ©,CAN,CIV,fcmaps_fallback,0
Ismael Saibari,MAR,ESP,wikidata,0
IsmaÃ¯la Sarr,SEN,SEN,fcmaps_fallback,1
Ismail Jakobs,SEN,DEU,wikidata,0
Ä°smail YÃ¼ksek,TUR,TUR,fcmaps_fallback,1
Israel Reyes,MEX,MEX,wikidata,1
Issa Diop,MAR,FRA,fcmaps_fallback,0
Issa Laye,QAT,SEN,fcmaps_fallback,0
Ivan Basic,BIH,HRV,fcmaps_fallback,0
Ivan PeriÅ¡iÄ,HRV,HRV,fcmaps_fallback,1
Ivan Å unjiÄ,BIH,BIH,fcmaps_fallback,1
Ivan Toney,GBR,GBR,wikidata,1
Ivor Pandur,HRV,HRV,wikidata,1
Jack Hendry,GBR,GBR,fcmaps_fallback,1
Jackson Irvine,AUS,AUS,wikidata,1
Jackson Porozo,ECU,ECU,wikidata,1
Jacob Italiano,AUS,AUS,wikidata,1
Jacob Shaffelburg,CAN,CAN,wikidata,1
Jacob Widell ZetterstrÃ¶m,SWE,SWE,fcmaps_fallback,1
Jae-sung Lee,KOR,KOR,fcmaps_fallback,1
Jakhongir Urozov,UZB,UZB,wikidata,1
Jalal Hassan,IRQ,IRQ,wikidata,1
Jaloliddin Masharipov,UZB,UZB,wikidata,1
Jamal Musiala,DEU,DEU,wikidata,1
James RodrÃ­guez,COL,COL,fcmaps_fallback,1
James Trafford,GBR,GBR,wikidata,1
Jamie Leweling,DEU,DEU,wikidata,1
JÃ¡minton Campaz,COL,COL,fcmaps_fallback,1
Jamiro Monteiro,CPV,NLD,wikidata,0
Jamshid Iskanderov,UZB,UZB,wikidata,1
Jan Kuchta,CZE,CZE,wikidata,1
Jan Paul van Hecke,NLD,NLD,wikidata,1
Jaouen Hadjam,DZA,FRA,wikidata,0
Jarell Quansah,GBR,GBR,wikidata,1
Jaroslav ZelenÃ½,CZE,CZE,fcmaps_fallback,1
Jason Geria,AUS,AUS,wikidata,1
Jassem Gaber,QAT,QAT,wikidata,1
Jasurbek Jaloliddinov,UZB,UZB,wikidata,1
Jayden Adams,ZAF,ZAF,wikidata,1
Jean-KÃ©vin Duverne,HTI,FRA,fcmaps_fallback,0
Jean MichaÃ«l Seri,CIV,CIV,fcmaps_fallback,1
Jean-Philippe Mateta,FRA,FRA,wikidata,1
Jean-Ricner Bellegarde,HTI,FRA,wikidata,0
Jearl Margaritha,CUW,NLD,wikidata,0
Jefferson Lerma,COL,COL,wikidata,1
Jehad Thakri,SAU,SAU,wikidata,1
Jens Castrop,KOR,DEU,wikidata,0
Jens Petter Hauge,NOR,NOR,wikidata,1
Jeremy Antonisse,CUW,NLD,wikidata,0
Jeremy ArÃ©valo,ECU,ESP,fcmaps_fallback,0
JÃ©rÃ©my Doku,BEL,BEL,fcmaps_fallback,1
Jerome Opoku,GHA,GBR,wikidata,0
Jesper KarlstrÃ¶m,SWE,SWE,fcmaps_fallback,1
Jesse Randall,NZL,NZL,wikidata,1
JesÃºs Gallardo,MEX,MEX,fcmaps_fallback,1
Jhon Arias,COL,COL,fcmaps_fallback,1
Jhon CÃ³rdoba,COL,COL,fcmaps_fallback,1
Jhon LucumÃ­,COL,COL,fcmaps_fallback,1
Jindrich Stanek,CZE,CZE,fcmaps_fallback,1
Jin-gyu Kim,KOR,KOR,fcmaps_fallback,1
Jin-seob Park,KOR,KOR,fcmaps_fallback,1
Jiovany Ramos,PAN,PAN,wikidata,1
Ji-sung Eom,KOR,KOR,fcmaps_fallback,1
Joan GarcÃ­a,ESP,ESP,fcmaps_fallback,1
JoÃ£o Cancelo,PRT,PRT,fcmaps_fallback,1
JoÃ£o FÃ©lix,PRT,PRT,fcmaps_fallback,1
JoÃ£o Neves,PRT,PRT,fcmaps_fallback,1
JoÃ£o Paulo,CPV,CPV,fcmaps_fallback,1
JoaquÃ­n Piquerez,URY,URY,fcmaps_fallback,1
Joaquin Seys,BEL,BEL,wikidata,1
Joe Bell,NZL,GBR,fcmaps_fallback,0
Joel OrdÃ³Ã±ez,ECU,ECU,fcmaps_fallback,1
Joel Waterman,CAN,CAN,wikidata,1
Joe Scally,USA,USA,wikidata,1
Johan Manzambi,CHE,CHE,wikidata,1
Johan Mojica,COL,COL,wikidata,1
Johan VÃ¡squez,MEX,MEX,fcmaps_fallback,1
John McGinn,GBR,GBR,wikidata,1
John Souttar,GBR,GBR,wikidata,1
John Stones,GBR,GBR,wikidata,1
John Yeboah,ECU,DEU,wikidata,0
Johny Placide,HTI,FRA,wikidata,0
Jonas Adjetey,GHA,GHA,wikidata,1
Jonathan David,CAN,USA,wikidata,0
Jonathan Osorio,CAN,CAN,wikidata,1
Jonathan Tah,DEU,DEU,wikidata,1
Jordan Ayew,GHA,FRA,wikidata,0
Jordan Bos,AUS,AUS,wikidata,1
Jordan Henderson,GBR,GBR,wikidata,1
Jordan Pickford,GBR,GBR,wikidata,1
Jordy AlcÃ­var,ECU,ECU,fcmaps_fallback,1
Jordy Caicedo,ECU,ECU,wikidata,1
Jorge Carrascal,COL,VEN,wikidata,0
Jorge GutiÃ©rrez,PAN,PAN,fcmaps_fallback,1
JÃ¸rgen Strand Larsen,NOR,NOR,fcmaps_fallback,1
Jorge SÃ¡nchez,MEX,MEX,fcmaps_fallback,1
Joris Kayembe,COD,BEL,wikidata,0
Jorrel Hato,NLD,NLD,wikidata,1
JosÃ© Canale,PRY,PRY,fcmaps_fallback,1
JosÃ© CÃ³rdoba,PAN,PAN,fcmaps_fallback,1
JosÃ© Fajardo,PAN,PAN,fcmaps_fallback,1
JosÃ© Luis RodrÃ­guez,PAN,PAN,fcmaps_fallback,1
JosÃ© Manuel LÃ³pez,ARG,ARG,fcmaps_fallback,1
JosÃ© MarÃ­a GimÃ©nez,URY,URY,fcmaps_fallback,1
Joseph Anang,GHA,GHA,wikidata,1
JosÃ© SÃ¡,PRT,PRT,fcmaps_fallback,1
Joshua Brenet,CUW,NLD,wikidata,0
Joshua Kimmich,DEU,DEU,wikidata,1
Josip Stanisic,HRV,DEU,wikidata,0
Josip Sutalo,HRV,BIH,wikidata,0
Josko Gvardiol,HRV,HRV,wikidata,1
JosuÃ© Casimir,HTI,FRA,fcmaps_fallback,0
JosuÃ© Duverger,HTI,CAN,fcmaps_fallback,0
Jovane Cabral,CPV,CPV,fcmaps_fallback,1
Jovo LukiÄ,BIH,SRB,fcmaps_fallback,0
Juan Fernando Quintero,COL,COL,wikidata,1
Juan JosÃ© CÃ¡ceres,PRY,ARG,fcmaps_fallback,0
Juan Manuel Sanabria,URY,USA,wikidata,0
Juan Musso,ARG,ARG,wikidata,1
Juan Portilla,COL,COL,wikidata,1
Jude Bellingham,GBR,GBR,wikidata,1
Jules KoundÃ©,FRA,FRA,fcmaps_fallback,1
JuliÃ¡n Ãlvarez,ARG,ARG,fcmaps_fallback,1
JuliÃ¡n QuiÃ±ones,MEX,COL,fcmaps_fallback,0
Julian Ryerson,NOR,NOR,wikidata,1
Julio Enciso,PRY,PRY,fcmaps_fallback,1
Jun-ho Bae,KOR,KOR,fcmaps_fallback,1
Juninho Bacuna,CUW,NLD,wikidata,0
JÃºnior Alonso,PRY,PRY,fcmaps_fallback,1
Junnosuke Suzuki,JPN,JPN,wikidata,1
Junya Ito,JPN,JPN,wikidata,1
JÃ¼rgen Locadia,CUW,NLD,fcmaps_fallback,0
JuriÃ«n Gaari,CUW,NLD,fcmaps_fallback,0
JurriÃ«n Timber,NLD,NLD,fcmaps_fallback,1
Justin Kluivert,NLD,NLD,wikidata,1
Kaan Ayhan,TUR,DEU,wikidata,0
Kai Havertz,DEU,DEU,wikidata,1
Kaishu Sano,JPN,JPN,wikidata,1
Kai Trewin,AUS,AUS,wikidata,1
Kaku,PRY,ARG,fcmaps_fallback,0
Kalidou Koulibaly,SEN,FRA,wikidata,0
Kamaldeen Sulemana,GHA,GHA,wikidata,1
Kamogelo Sebelebele,ZAF,ZAF,wikidata,1
Kang-in Lee,KOR,KOR,wikidata,1
Karim Boudiaf,QAT,FRA,wikidata,0
Karim Hafez,EGY,EGY,wikidata,1
Keeto Thermoncy,HTI,CHE,fcmaps_fallback,0
Keisuke Goto,JPN,JPN,wikidata,1
Keisuke Osako,JPN,JPN,wikidata,1
Keito Nakamura,JPN,JPN,wikidata,1
Kelvin Pires,CPV,CPV,fcmaps_fallback,1
Kenan YÄ±ldÄ±z,TUR,DEU,fcmaps_fallback,0
Kendry PÃ¡ez,ECU,ECU,fcmaps_fallback,1
Kenji GorrÃ©,CUW,NLD,fcmaps_fallback,0
Kenny McLean,GBR,GBR,wikidata,1
Ken Sema,SWE,SWE,wikidata,1
Kento Shiogai,JPN,JPN,wikidata,1
Kerem AktÃ¼rkoÄlu,TUR,TUR,fcmaps_fallback,1
Kerim Alajbegovic,BIH,DEU,wikidata,0
Kevin CastaÃ±o,COL,COL,fcmaps_fallback,1
Kevin Danso,AUT,AUT,wikidata,1
Kevin De Bruyne,BEL,BEL,wikidata,1
Kevin Felida,CUW,NLD,wikidata,0
Kevin Lenini,CPV,CPV,fcmaps_fallback,1
Kevin RodrÃ­guez,ECU,ECU,fcmaps_fallback,1
Kevin Yakob,IRQ,SWE,wikidata,0
Khalid Al-Ghannam,SAU,SAU,wikidata,1
Khalil Ayari,TUN,TUN,wikidata,1
Khozhiakbar Alizhonov,UZB,UZB,fcmaps_fallback,1
Khuliso Mudau,ZAF,ZAF,wikidata,1
Khulumani Ndamane,ZAF,ZAF,fcmaps_fallback,1
Kieran Tierney,GBR,IMN,fcmaps_fallback,0
Kobbie Mainoo,GBR,GBR,wikidata,1
Ko Itakura,JPN,JPN,wikidata,1
Kojo Peprah Oppong,GHA,GHA,wikidata,1
Koki Ogawa,JPN,JPN,fcmaps_fallback,1
Koni De Winter,BEL,BEL,wikidata,1
Konrad Laimer,AUT,AUT,wikidata,1
Kosta Barbarouses,NZL,NZL,wikidata,1
KrÃ©pin Diatta,SEN,SEN,fcmaps_fallback,1
Kristian Thorstvedt,NOR,NOR,wikidata,1
Kristijan Jakic,HRV,HRV,wikidata,1
Kristoffer Ajer,NOR,NOR,wikidata,1
Kristoffer Nordfeldt,SWE,SWE,wikidata,1
Kwasi Sibo,GHA,GHA,wikidata,1
Kylian MbappÃ©,FRA,FRA,fcmaps_fallback,1
Lachlan Bayliss,NZL,AUS,fcmaps_fallback,0
Ladislav KrejÄÃ­,CZE,CZE,fcmaps_fallback,1
Lamine Camara,SEN,SEN,wikidata,1
Lamine Yamal,ESP,ESP,wikidata,1
Laros Duarte,CPV,NLD,wikidata,0
Lautaro MartÃ­nez,ARG,ARG,fcmaps_fallback,1
Lawrence Ati Zigi,GHA,GHA,wikidata,1
Lawrence Shankland,GBR,GBR,wikidata,1
Leandro Bacuna,CUW,NLD,wikidata,0
Leandro Paredes,ARG,ARG,wikidata,1
Leandro Trossard,BEL,BEL,wikidata,1
Lennart Karl,DEU,DEU,wikidata,1
Lenny Joseph,HTI,FRA,wikidata,0
Leonardo Balerdi,ARG,ARG,wikidata,1
Leon Goretzka,DEU,DEU,wikidata,1
Leo ÃstigÃ¥rd,NOR,NOR,fcmaps_fallback,1
LÃ©o Pereira,BRA,BRA,fcmaps_fallback,1
Leroy SanÃ©,DEU,DEU,fcmaps_fallback,1
Leverton Pierre,HTI,HTI,wikidata,1
Lewis Ferguson,GBR,GBR,wikidata,1
Liam Kelly,GBR,GBR,fcmaps_fallback,1
Liam Millar,CAN,CAN,wikidata,1
Liberato Cacace,NZL,NZL,wikidata,1
Lionel Messi,ARG,ARG,wikidata,1
Lionel Mpasi-Nzau,COD,FRA,wikidata,0
Lisandro MartÃ­nez,ARG,ARG,fcmaps_fallback,1
Livano Comenencia,CUW,NLD,wikidata,0
Logan Costa,CPV,FRA,wikidata,0
Louicius Deedson,HTI,HTI,wikidata,1
Luca Jaquez,CHE,CHE,wikidata,1
Lucas Bergvall,SWE,SWE,wikidata,1
Lucas Digne,FRA,FRA,wikidata,1
Lucas HernÃ¡ndez,FRA,FRA,fcmaps_fallback,1
Lucas Herrington,AUS,AUS,wikidata,1
Lucas Mendes,QAT,BRA,fcmaps_fallback,0
Lucas PaquetÃ¡,BRA,BRA,fcmaps_fallback,1
Luca Zidane,DZA,FRA,wikidata,0
Luc De Fougerolles,CAN,GBR,wikidata,0
Luis ChÃ¡vez,MEX,MEX,fcmaps_fallback,1
Luis DÃ­az,COL,COL,fcmaps_fallback,1
Luis MejÃ­a,PAN,PAN,fcmaps_fallback,1
Luis Romo,MEX,MEX,wikidata,1
Luis SuÃ¡rez,COL,COL,fcmaps_fallback,1
Luiz Henrique,BRA,BRA,fcmaps_fallback,1
Luka ModriÄ,HRV,HRV,fcmaps_fallback,1
Lukas Cerv,CZE,CZE,wikidata,1
Lukas Hornicek,CZE,CZE,wikidata,1
Lukas Provod,CZE,CZE,wikidata,1
Luka Sucic,HRV,AUT,wikidata,0
Luka Vuskovic,HRV,HRV,wikidata,1
Lutsharel Geertruida,NLD,NLD,wikidata,1
Lyle Foster,ZAF,ZAF,wikidata,1
Lyndon Dykes,GBR,AUS,wikidata,0
Maghnes Akliouche,FRA,FRA,wikidata,1
Mahmoud Abunada,QAT,QAT,wikidata,1
Mahmoud Al-Mardi,JOR,JOR,fcmaps_fallback,1
Mahmoud Saber,EGY,EGY,fcmaps_fallback,1
Malick Thiaw,DEU,DEU,wikidata,1
Malik Tillman,USA,DEU,wikidata,0
Malo Gusto,FRA,FRA,wikidata,1
Mamadou Sarr,SEN,FRA,wikidata,0
Manaf Younis,IRQ,IRQ,wikidata,1
Manuel Akanji,CHE,CHE,wikidata,1
Manuel Neuer,DEU,DEU,wikidata,1
Manuel Ugarte,URY,URY,fcmaps_fallback,1
Manu KonÃ©,FRA,FRA,fcmaps_fallback,1
Marc Cucurella,ESP,ESP,wikidata,1
Marcelo Flores,CAN,CAN,wikidata,1
Marcel Sabitzer,AUT,AUT,wikidata,1
Marc GuÃ©hi,GBR,CIV,fcmaps_fallback,0
MÃ¡rcio Rosa,CPV,CPV,fcmaps_fallback,1
Marco Friedl,AUT,AUT,wikidata,1
Marco PaÅ¡aliÄ,HRV,DEU,fcmaps_fallback,0
Marcos Llorente,ESP,ESP,wikidata,1
Marc Pubill,ESP,ESP,wikidata,1
Marcus Pedersen,NOR,NOR,wikidata,1
Marcus Rashford,GBR,GBR,wikidata,1
Marcus Thuram,FRA,ITA,wikidata,0
Marin Pongracic,HRV,DEU,wikidata,0
Mario PaÅ¡aliÄ,HRV,DEU,fcmaps_fallback,0
Mark Flekken,NLD,NLD,wikidata,1
Mark McKenzie,USA,USA,fcmaps_fallback,1
Marko Arnautovic,AUT,AUT,wikidata,1
Marko Farji,IRQ,NOR,wikidata,0
Marko StameniÄ,NZL,NZL,fcmaps_fallback,1
Marquinhos,BRA,BRA,wikidata,1
Marten de Roon,NLD,NLD,wikidata,1
Martin Baturina,HRV,HRV,wikidata,1
Martin ErliÄ,HRV,HRV,fcmaps_fallback,1
Martin ExpÃ©rience,HTI,FRA,fcmaps_fallback,0
Martin Ãdegaard,NOR,NOR,fcmaps_fallback,1
Martin Zlomislic,BIH,BIH,fcmaps_fallback,1
MartÃ­n Zubimendi,ESP,ESP,fcmaps_fallback,1
Marvin Keller,CHE,GBR,fcmaps_fallback,0
Marvin Senaya,GHA,FRA,wikidata,0
Marwan Al-Sahafi,SAU,SAU,wikidata,1
Marwan Ateya,EGY,EGY,fcmaps_fallback,1
Matej Kovar,CZE,CZE,wikidata,1
Mateo ChÃ¡vez,MEX,MEX,fcmaps_fallback,1
Mateo Kovacic,HRV,AUT,wikidata,0
Matheus Cunha,BRA,BRA,wikidata,1
Matheus Nunes,PRT,BRA,wikidata,0
Mathew Leckie,AUS,AUS,wikidata,1
Mathew Ryan,AUS,AUS,wikidata,1
MathÃ­as Olivera,URY,URY,fcmaps_fallback,1
Mathieu ChoiniÃ¨re,CAN,CAN,fcmaps_fallback,1
Matias Fernandez-Pardo,BEL,BEL,wikidata,1
MatÃ­as Galarza,PRY,PRY,fcmaps_fallback,1
MatÃ­as ViÃ±a,URY,URY,fcmaps_fallback,1
Mats Wieffer,NLD,NLD,wikidata,1
Matt Freese,USA,USA,wikidata,1
Matthew Garbett,NZL,GBR,wikidata,0
Matthieu Epolo,COD,BEL,wikidata,0
Mattias Svanberg,SWE,SWE,wikidata,1
Matt Turner,USA,USA,fcmaps_fallback,1
Mauricio,PRY,BRA,fcmaps_fallback,0
Max Arfsten,USA,USA,wikidata,1
Max Crocombe,NZL,NZL,wikidata,1
Maxence Lacroix,FRA,FRA,wikidata,1
Maxi AraÃºjo,URY,URY,fcmaps_fallback,1
Maxim De Cuyper,BEL,BEL,wikidata,1
Maxime CrÃ©peau,CAN,CAN,fcmaps_fallback,1
Maximilian Beier,DEU,DEU,wikidata,1
Mbekezeli Mbokazi,ZAF,ZAF,wikidata,1
Mehdi Ghayedi,IRN,IRN,wikidata,1
Mehdi Taremi,IRN,IRN,wikidata,1
Mehdi Torabi,IRN,IRN,wikidata,1
Melvin Mastil,DZA,FRA,fcmaps_fallback,0
Memphis Depay,NLD,NLD,wikidata,1
Merchas Doski,IRQ,DEU,wikidata,0
Merih Demiral,TUR,TUR,wikidata,1
Mert GÃ¼nok,TUR,TUR,fcmaps_fallback,1
Mert MÃ¼ldÃ¼r,TUR,AUT,fcmaps_fallback,0
Meschack Elia,COD,COD,fcmaps_fallback,1
Meshaal Barsham,QAT,QAT,wikidata,1
Michael Boxall,NZL,NZL,wikidata,1
Michael Gregoritsch,AUT,AUT,wikidata,1
Michael Olise,FRA,GBR,wikidata,0
Michael Svoboda,AUT,AUT,wikidata,1
Michael Woud,NZL,NZL,wikidata,1
Michal SadÃ­lek,CZE,CZE,fcmaps_fallback,1
Michel Aebischer,CHE,CHE,wikidata,1
Micky van de Ven,NLD,NLD,wikidata,1
Miguel AlmirÃ³n,PRY,PRY,fcmaps_fallback,1
Mikel Merino,ESP,ESP,wikidata,1
Mikel Oyarzabal,ESP,ESP,wikidata,1
Mike Maignan,FRA,FRA,wikidata,1
Mike Penders,BEL,BEL,wikidata,1
Milad Mohammadi,IRN,IRN,wikidata,1
Miles Robinson,USA,USA,fcmaps_fallback,1
Milos Degenek,AUS,HRV,wikidata,0
Min-jae Kim,KOR,KOR,fcmaps_fallback,1
Miro Muheim,CHE,CHE,wikidata,1
Mladen Jurkas,BIH,BIH,wikidata,1
Mohamed Abdelmonem,EGY,EGY,wikidata,1
Mohamed Alaa,EGY,EGY,fcmaps_fallback,1
Mohamed Al-Mannai,QAT,QAT,fcmaps_fallback,1
Mohamed Amine Ben Hamida,TUN,TUN,wikidata,1
Mohamed Amine Tougai,DZA,DZA,wikidata,1
Mohamed Amoura,DZA,DZA,wikidata,1
Mohamed Belhadj Mahmoud,TUN,TUN,wikidata,1
Mohamed El Shenawy,EGY,EGY,wikidata,1
Mohamed Hany,EGY,EGY,wikidata,1
Mohamed Kanno,SAU,SAU,wikidata,1
Mohamed KonÃ©,CIV,CIV,fcmaps_fallback,1
Mohamed Salah,EGY,EGY,wikidata,1
Mohamed TourÃ©,AUS,GIN,fcmaps_fallback,0
Mohammad Abualnadi,JOR,USA,wikidata,0
Mohammad Abu Hasheesh,JOR,JOR,fcmaps_fallback,1
Mohammad Al-Dawoud,JOR,JOR,fcmaps_fallback,1
Mohammad Ghorbani,IRN,IRN,fcmaps_fallback,1
Mohammad Mohebi,IRN,IRN,wikidata,1
Mohammed Abu Al-Shamat,SAU,SAU,fcmaps_fallback,1
Mohammed Al-Owais,SAU,SAU,wikidata,1
Mohammed Muntari,QAT,GHA,wikidata,0
Mohanad Ali,IRQ,IRQ,wikidata,1
Mohanad Lasheen,EGY,EGY,fcmaps_fallback,1
Mohannad Abu Taha,JOR,JOR,fcmaps_fallback,1
MoÃ¯se Bombito,CAN,CAN,fcmaps_fallback,1
MoisÃ©s Caicedo,ECU,ECU,fcmaps_fallback,1
MoisÃ©s RamÃ­rez,ECU,ECU,fcmaps_fallback,1
MojmÃ­r Chytil,CZE,CZE,fcmaps_fallback,1
Montassar Talbi,TUN,FRA,wikidata,0
Moon-hwan Kim,KOR,KOR,fcmaps_fallback,1
Morgan Rogers,GBR,GBR,wikidata,1
Mortadha Ben Ouanes,TUN,TUN,wikidata,1
Morten Thorsby,NOR,NOR,wikidata,1
Mory Diaw,SEN,FRA,wikidata,0
Mostafa Ziko,EGY,EGY,wikidata,1
Moteb Al-Harbi,SAU,SAU,wikidata,1
Mousa Tamari,JOR,JOR,fcmaps_fallback,1
Moussa NiakhatÃ©,SEN,FRA,fcmaps_fallback,0
Moustapha Mbow,SEN,SEN,wikidata,1
Moutaz Neffati,TUN,SWE,fcmaps_fallback,0
Muhammed Åengezer,TUR,TUR,fcmaps_fallback,1
Munir El Kajoui,MAR,ESP,fcmaps_fallback,0
Musab Al-Juwayr,SAU,SAU,wikidata,1
Mustafa Saadoon,IRQ,IRQ,fcmaps_fallback,1
Nabil Bentaleb,DZA,FRA,wikidata,0
Nabil Dunga,EGY,EGY,fcmaps_fallback,1
Nadhir Benbouali,DZA,DZA,wikidata,1
Nadiem Amiri,DEU,DEU,wikidata,1
Nahuel Molina,ARG,ARG,wikidata,1
Nando Pijnaker,NZL,NLD,wikidata,0
Nasser Al-Dawsari,SAU,SAU,wikidata,1
NathanaÃ«l Mbuku,COD,FRA,fcmaps_fallback,0
Nathan AkÃ©,NLD,NLD,fcmaps_fallback,1
Nathan-Dylan Saliba,CAN,CAN,wikidata,1
Nathaniel Brown,DEU,DEU,fcmaps_fallback,1
Nathan Ngoy,BEL,BEL,wikidata,1
Nathan Patterson,GBR,GBR,fcmaps_fallback,1
Nawaf Al-Aqidi,SAU,SAU,wikidata,1
Nawaf Boushal,SAU,SAU,wikidata,1
Nayef Aguerd,MAR,MAR,wikidata,1
Neil El Aynaoui,MAR,FRA,wikidata,0
NÃ©lson Semedo,PRT,PRT,fcmaps_fallback,1
Nestory Irankunda,AUS,TZA,fcmaps_fallback,0
Neymar,BRA,BRA,wikidata,1
Ngal'ayel Mukau,COD,BEL,wikidata,0
N'Golo KantÃ©,FRA,FRA,fcmaps_fallback,1
Nick Woltemade,DEU,DEU,wikidata,1
Nico Elvedi,CHE,CHE,wikidata,1
Nico GonzÃ¡lez,ARG,ARG,fcmaps_fallback,1
NicolÃ¡s de la Cruz,URY,URY,fcmaps_fallback,1
Nicolas Jackson,SEN,SEN,wikidata,1
NicolÃ¡s Otamendi,ARG,ARG,fcmaps_fallback,1
Nicolas PÃ©pÃ©,CIV,FRA,fcmaps_fallback,0
Nicolas Raskin,BEL,BEL,wikidata,1
Nicolas Seiwald,AUT,AUT,wikidata,1
NicolÃ¡s Tagliafico,ARG,ARG,fcmaps_fallback,1
Nico O'Reilly,GBR,GBR,wikidata,1
Nico Paz,ARG,ESP,wikidata,0
Nico Schlotterbeck,DEU,DEU,wikidata,1
Nico Williams,ESP,ESP,wikidata,1
Nidal Celik,BIH,BIH,fcmaps_fallback,1
Nihad Mujakic,BIH,BIH,fcmaps_fallback,1
Nikola Katic,BIH,HRV,wikidata,0
Nikola Moro,HRV,HRV,wikidata,1
Nikola Vasilj,BIH,BIH,wikidata,1
Nikola VlaÅ¡iÄ,HRV,HRV,fcmaps_fallback,1
Niko Sigur,CAN,CAN,wikidata,1
Nilson Angulo,ECU,ECU,wikidata,1
Nishan Velupillay,AUS,AUS,wikidata,1
Nizar Al-Rashdan,JOR,JOR,fcmaps_fallback,1
Nkosinathi Sibisi,ZAF,ZAF,wikidata,1
Noah Okafor,CHE,CHE,wikidata,1
Noah Sadiki,COD,BEL,wikidata,0
Noa Lang,NLD,NLD,wikidata,1
Noni Madueke,GBR,GBR,wikidata,1
Noor Al-Rawabdeh,JOR,JOR,fcmaps_fallback,1
Noureddin Bani Attiah,JOR,JOR,fcmaps_fallback,1
Noussair Mazraoui,MAR,NLD,wikidata,0
Nuno Da Costa,CPV,CPV,fcmaps_fallback,1
Nuno Mendes,PRT,PRT,fcmaps_fallback,1
Obed Vargas,MEX,USA,wikidata,0
Odeh Fakhoury,JOR,JOR,fcmaps_fallback,1
Odildzhon Khamrobekov,UZB,UZB,fcmaps_fallback,1
Odilon Kossounou,CIV,CIV,wikidata,1
OÄuz AydÄ±n,TUR,NLD,fcmaps_fallback,0
Oliver Baumann,DEU,DEU,wikidata,1
Ollie Watkins,GBR,GBR,wikidata,1
Olwethu Makhanya,ZAF,ZAF,fcmaps_fallback,1
Omar Alderete,PRY,PRY,wikidata,1
Omar Marmoush,EGY,EGY,wikidata,1
Omar Rekik,TUN,NLD,wikidata,0
OrbelÃ­n Pineda,MEX,MEX,fcmaps_fallback,1
Ãrjan Nyland,NOR,NOR,fcmaps_fallback,1
Orkun KÃ¶kÃ§Ã¼,TUR,NLD,fcmaps_fallback,0
Orlando Gill,PRY,PRY,wikidata,1
Orlando Mosquera,PAN,PAN,wikidata,1
Oscar Bobb,NOR,NOR,wikidata,1
Osman Hadzikic,BIH,AUT,fcmaps_fallback,0
Oston Urunov,UZB,UZB,wikidata,1
Oswin Appollis,ZAF,ZAF,wikidata,1
Otabek Shukurov,UZB,UZB,wikidata,1
Oufa Shobeir,EGY,EGY,wikidata,1
Oumar DiakitÃ©,CIV,CIV,fcmaps_fallback,1
Ousmane DembÃ©lÃ©,FRA,FRA,fcmaps_fallback,1
Ousmane Diomande,CIV,CIV,wikidata,1
Oussama Benbout,DZA,DZA,fcmaps_fallback,1
Owen Goodman,CAN,GBR,fcmaps_fallback,0
Ozan Kabak,TUR,TUR,wikidata,1
Pape Gueye,SEN,FRA,wikidata,0
Pape Matar Sarr,SEN,SEN,wikidata,1
Parfait Guiagon,CIV,CIV,wikidata,1
Pascal GroÃ,DEU,DEU,fcmaps_fallback,1
PathÃ© Ciss,SEN,SEN,fcmaps_fallback,1
Patrick Beach,AUS,AUS,wikidata,1
Patrick Berg,NOR,NOR,wikidata,1
Patrick Pentz,AUT,AUT,wikidata,1
Patrick Wimmer,AUT,AUT,wikidata,1
Patrik Schick,CZE,CZE,wikidata,1
Pau CubarsÃ­,ESP,ESP,fcmaps_fallback,1
Paul Izzo,AUS,AUS,wikidata,1
Paul Okon-Engstler,AUS,BEL,fcmaps_fallback,0
Paul Reverson,GHA,NLD,fcmaps_fallback,0
Paul Wanner,AUT,AUT,wikidata,1
Pavel Sulc,CZE,CZE,wikidata,1
Payam Niazmand,IRN,IRN,wikidata,1
Pedri,ESP,ESP,wikidata,1
Pedro Miguel,QAT,PRT,fcmaps_fallback,0
Pedro Neto,PRT,PRT,wikidata,1
Pedro Porro,ESP,ESP,wikidata,1
Pedro Vite,ECU,ECU,wikidata,1
Pervis EstupiÃ±Ã¡n,ECU,ECU,fcmaps_fallback,1
Petar Musa,HRV,HRV,wikidata,1
Petar SuÄiÄ,HRV,BIH,fcmaps_fallback,0
Philipp Lienhart,AUT,AUT,wikidata,1
Phillipp Mwene,AUT,AUT,wikidata,1
Piero HincapiÃ©,ECU,ECU,fcmaps_fallback,1
Prince Adu,GHA,GHA,wikidata,1
Promise David,CAN,CAN,wikidata,1
Quinten Timber,NLD,NLD,wikidata,1
Raed Chikhaoui,TUN,TUN,wikidata,1
Rafael LeÃ£o,PRT,PRT,fcmaps_fallback,1
Rafik Belghali,DZA,BEL,wikidata,0
Ramin Rezaeian,IRN,IRN,wikidata,1
Ramiz Zerrouki,DZA,NLD,wikidata,0
RamÃ³n Sosa,PRY,PRY,fcmaps_fallback,1
Ramy Bensebaini,DZA,DZA,wikidata,1
Ramy Rabia,EGY,EGY,wikidata,1
Rani Khedira,TUN,DEU,wikidata,0
Raphinha,BRA,BRA,wikidata,1
RaÃºl JimÃ©nez,MEX,MEX,fcmaps_fallback,1
RaÃºl Rangel,MEX,MEX,fcmaps_fallback,1
Rayan,BRA,BRA,fcmaps_fallback,1
Rayan AÃ¯t-Nouri,DZA,FRA,fcmaps_fallback,0
Rayan Cherki,FRA,FRA,wikidata,1
Rayan Elloumi,TUN,CAN,wikidata,0
Rayyan Ahmed Al-Ali,QAT,QAT,fcmaps_fallback,1
Rebin Sulaka,IRQ,IRQ,wikidata,1
Redouane Halhal,MAR,FRA,wikidata,0
Reece James,GBR,GBR,wikidata,1
Relebohile Mofokeng,ZAF,ZAF,wikidata,1
Remo Freuler,CHE,CHE,wikidata,1
Renato Veiga,PRT,PRT,wikidata,1
Ricardo AdÃ©,HTI,HTI,fcmaps_fallback,1
Ricardo Goss,ZAF,ZAF,wikidata,1
Ricardo Pepi,USA,USA,wikidata,1
Ricardo RodrÃ­guez,CHE,CHE,fcmaps_fallback,1
Richard RÃ­os,COL,COL,fcmaps_fallback,1
Richie Laryea,CAN,CAN,wikidata,1
Riechedly Bazoer,CUW,NLD,wikidata,0
Ritsu Doan,JPN,JPN,wikidata,1
Riyad Mahrez,DZA,FRA,wikidata,0
Roberto Alvarado,MEX,MEX,wikidata,1
Roberto FernÃ¡ndez,PRY,PRY,fcmaps_fallback,1
Roberto Lopes,CPV,IRL,fcmaps_fallback,0
Robin Hranac,CZE,CZE,wikidata,1
Robin Risser,FRA,FRA,wikidata,1
Robin Roefs,NLD,NLD,wikidata,1
Roderick Miller,PAN,PAN,fcmaps_fallback,1
Rodri,ESP,ESP,fcmaps_fallback,1
Rodrigo Aguirre,URY,URY,wikidata,1
Rodrigo Bentancur,URY,BRA,wikidata,0
Rodrigo De Paul,ARG,ARG,wikidata,1
Rodrigo Zalazar,URY,ESP,wikidata,0
Roger IbaÃ±ez,BRA,BRA,fcmaps_fallback,1
Romano Schmid,AUT,AUT,wikidata,1
Romelu Lukaku,BEL,BEL,wikidata,1
Ronald Araujo,URY,URY,wikidata,1
Ronwen Williams,ZAF,ZAF,wikidata,1
Roozbeh Cheshmi,IRN,IRN,wikidata,1
Roshon van Eijma,CUW,NLD,wikidata,0
Ross Stewart,GBR,GBR,fcmaps_fallback,1
RÃºben Dias,PRT,PRT,fcmaps_fallback,1
RÃºben Neves,PRT,PRT,fcmaps_fallback,1
Ruben Providence,HTI,FRA,wikidata,0
RubÃ©n Vargas,CHE,CHE,fcmaps_fallback,1
Rui Silva,PRT,PRT,fcmaps_fallback,1
Ruslanbek Jiyanov,UZB,UZB,wikidata,1
Rustam Ashurmatov,UZB,UZB,wikidata,1
Ryan Christie,GBR,GBR,wikidata,1
Ryan Gravenberch,NLD,NLD,wikidata,1
Ryan Mendes,CPV,CPV,fcmaps_fallback,1
Ryan Thomas,NZL,GBR,wikidata,0
Sabri Ben Hessen,TUN,TUN,wikidata,1
Sadio ManÃ©,SEN,SEN,fcmaps_fallback,1
Saed Al-Rosan,JOR,JOR,fcmaps_fallback,1
Saeed Ezatolahi,IRN,IRN,fcmaps_fallback,1
Salah Zakaria,QAT,QAT,wikidata,1
Saleem Obaid,JOR,JOR,fcmaps_fallback,1
Saleh Al-Shehri,SAU,SAU,wikidata,1
Saleh Hardani,IRN,IRN,wikidata,1
Salem Al-Dawsari,SAU,SAU,wikidata,1
Salih Ãzcan,TUR,DEU,fcmaps_fallback,0
Saman Ghoddos,IRN,IRN,wikidata,1
Samed Bazdar,BIH,SRB,wikidata,0
Samet Akaydin,TUR,TUR,wikidata,1
Samir Chergui,DZA,FRA,wikidata,0
Samir El Mourabet,MAR,FRA,wikidata,0
SamÃº Costa,PRT,PRT,fcmaps_fallback,1
Samuel Moutoussamy,COD,FRA,wikidata,0
Samukele Kabini,ZAF,ZAF,wikidata,1
Sander Berge,NOR,NOR,wikidata,1
Sander Tangvik,NOR,NOR,wikidata,1
Santiago Arias,COL,COL,wikidata,1
Santiago Bueno,URY,URY,wikidata,1
Santiago Gimenez,MEX,ARG,wikidata,0
Santiago Mele,URY,URY,wikidata,1
Sarpreet Singh,NZL,NZL,wikidata,1
Sasa Kalajdzic,AUT,AUT,wikidata,1
Saud Abdulhamid,SAU,SAU,wikidata,1
Scott McKenna,GBR,GBR,wikidata,1
Scott McTominay,GBR,GBR,wikidata,1
Sead Kolasinac,BIH,DEU,wikidata,0
Sebastian Berhalter,USA,GBR,wikidata,0
SebastiÃ¡n CÃ¡ceres,URY,URY,fcmaps_fallback,1
Sebastian Tounekti,TUN,NOR,wikidata,0
Seko Fofana,CIV,FRA,wikidata,0
Senne Lammens,BEL,BEL,wikidata,1
SergiÃ±o Dest,USA,NLD,fcmaps_fallback,0
Sergio Rochet,URY,URY,wikidata,1
Seung-gyu Kim,KOR,KOR,fcmaps_fallback,1
Seung-ho Paik,KOR,KOR,fcmaps_fallback,1
Seyed Hossein Hosseini,IRN,IRN,fcmaps_fallback,1
Shahriar Moghanlou,IRN,IRN,wikidata,1
Shararh,JOR,JOR,fcmaps_fallback,1
Shehab Ellethy,QAT,QAT,wikidata,1
Sherel Floranus,CUW,NLD,wikidata,0
Sherzod Esanov,UZB,UZB,wikidata,1
Sherzod Nasrullaev,UZB,UZB,wikidata,1
Sherzod Temirov,UZB,UZB,wikidata,1
Shogo Taniguchi,JPN,JPN,wikidata,1
Shoja Khalilzadeh,IRN,IRN,wikidata,1
Shurandy Sambo,CUW,NLD,wikidata,0
Sidny Lopes Cabral,CPV,NLD,wikidata,0
Silvan Widmer,CHE,CHE,wikidata,1
Simon Adingra,CIV,CIV,wikidata,1
Simon Banza,COD,FRA,wikidata,0
Sipho Chaine,ZAF,ZAF,fcmaps_fallback,1
Sofyan Amrabat,MAR,NLD,wikidata,0
Solomon Agbasi,GHA,GHA,fcmaps_fallback,1
Sondre LangÃ¥s,NOR,NOR,fcmaps_fallback,1
Sontje Hansen,CUW,NLD,wikidata,0
Soufiane Rahimi,MAR,MAR,wikidata,1
Stefan Posch,AUT,AUT,wikidata,1
Stepan Chaloupek,CZE,CZE,fcmaps_fallback,1
Stephen Eustaquio,CAN,CAN,wikidata,1
Steve Kapuadi,COD,FRA,wikidata,0
Steven Moreira,CPV,FRA,wikidata,0
Stjepan Radeljic,BIH,BIH,fcmaps_fallback,1
Stopira,CPV,CPV,fcmaps_fallback,1
Sultan Al-Brake,QAT,QAT,wikidata,1
Sultan Mandash,SAU,SAU,wikidata,1
Tae-hyeon Kim,KOR,KOR,fcmaps_fallback,1
Tae-seok Lee,KOR,KOR,fcmaps_fallback,1
Taha Ali,SWE,SWE,wikidata,1
Tahith Chong,CUW,CUW,fcmaps_fallback,1
Tahsin Mohammed Jamshid,QAT,QAT,fcmaps_fallback,1
Tajon Buchanan,CAN,CAN,wikidata,1
Takefusa Kubo,JPN,JPN,wikidata,1
Takehiro Tomiyasu,JPN,JPN,wikidata,1
Tani Oluwaseyi,CAN,NGA,wikidata,0
Tarek Alaa,EGY,EGY,fcmaps_fallback,1
Tarik MuharemoviÄ,BIH,SVN,fcmaps_fallback,0
Teboho Mokoena,ZAF,ZAF,fcmaps_fallback,1
Telmo Arcanjo,CPV,PRT,wikidata,0
Tete Yengi,AUS,AUS,wikidata,1
Teun Koopmeiners,NLD,NLD,wikidata,1
Thabang Matuludi,ZAF,ZAF,fcmaps_fallback,1
Thalente Mbatha,ZAF,ZAF,fcmaps_fallback,1
Thapelo Maseko,ZAF,ZAF,wikidata,1
Thelo Aasgaard,NOR,GBR,wikidata,0
Themba Zwane,ZAF,ZAF,wikidata,1
ThÃ©o Bongonda,COD,BEL,fcmaps_fallback,0
Theo HernÃ¡ndez,FRA,FRA,fcmaps_fallback,1
Thiago Almada,ARG,ARG,wikidata,1
Thibaut Courtois,BEL,BEL,wikidata,1
Thomas Meunier,BEL,BEL,wikidata,1
Thomas Partey,GHA,GHA,wikidata,1
Tijjani Reijnders,NLD,NLD,wikidata,1
Timothy Castagne,BEL,BEL,wikidata,1
Timothy Fayulu,COD,CHE,wikidata,0
Timothy Weah,USA,USA,wikidata,1
Tim Payne,NZL,NZL,fcmaps_fallback,1
Tim Ream,USA,USA,wikidata,1
Tino Livramento,GBR,GBR,wikidata,1
TomÃ¡s AraÃºjo,PRT,PRT,fcmaps_fallback,1
Tomas Chory,CZE,CZE,wikidata,1
Tomas Holes,CZE,CZE,wikidata,1
TomÃ¡s RodrÃ­guez,PAN,PAN,fcmaps_fallback,1
TomÃ¡Å¡ SouÄek,CZE,CZE,fcmaps_fallback,1
Tommy Smith,NZL,GBR,fcmaps_fallback,0
Tomoki Hayakawa,JPN,JPN,wikidata,1
Toni Fruk,HRV,HRV,wikidata,1
TorbjÃ¸rn Heggem,NOR,NOR,fcmaps_fallback,1
Trevor Doornbusch,CUW,NLD,wikidata,0
Trezeguet,EGY,EGY,fcmaps_fallback,1
Tshepang Moremi,ZAF,ZAF,wikidata,1
Tsuyoshi Watanabe,JPN,JPN,wikidata,1
Turki Al-Ammar,SAU,SAU,wikidata,1
Tyler Adams,USA,USA,wikidata,1
Tyler Bindon,NZL,NZL,wikidata,1
Tyler Fletcher,GBR,GBR,fcmaps_fallback,1
Tyrese Noslin,CUW,NLD,wikidata,0
Tyrick Bodak,CUW,NLD,wikidata,0
UÄurcan ÃakÄ±r,TUR,TUR,fcmaps_fallback,1
Umarali Rakhmonaliev,UZB,UZB,wikidata,1
Umar Eshmurodov,UZB,UZB,wikidata,1
Unai SimÃ³n,ESP,ESP,fcmaps_fallback,1
Utkir Yusupov,UZB,KAZ,fcmaps_fallback,0
ValentÃ­n Barco,ARG,ARG,fcmaps_fallback,1
Victor LindelÃ¶f,SWE,SWE,fcmaps_fallback,1
VÃ­ctor MuÃ±oz,ESP,ESP,fcmaps_fallback,1
Viktor GyÃ¶keres,SWE,SWE,fcmaps_fallback,1
Viktor Johansson,SWE,SWE,wikidata,1
Vinicius Junior,BRA,BRA,wikidata,1
Virgil van Dijk,NLD,NLD,wikidata,1
Vitinha,PRT,PRT,wikidata,1
VladimÃ­r Coufal,CZE,CZE,fcmaps_fallback,1
VladimÃ­r Darida,CZE,CZE,fcmaps_fallback,1
Vozinha,CPV,CPV,fcmaps_fallback,1
Wagner Pina,CPV,PRT,wikidata,0
Waldemar Anton,DEU,UZB,wikidata,0
Warren ZaÃ¯re-Emery,FRA,FRA,fcmaps_fallback,1
Wataru Endo,JPN,JPN,wikidata,1
Wesley,BRA,BRA,fcmaps_fallback,1
Weston McKennie,USA,USA,wikidata,1
Weverton,BRA,BRA,fcmaps_fallback,1
Wilfried Singo,CIV,CIV,wikidata,1
Wilguens Paugain,HTI,HTI,wikidata,1
Willer Ditta,COL,COL,wikidata,1
William Saliba,FRA,FRA,wikidata,1
Willian Pacho,ECU,ECU,wikidata,1
Willy Semedo,CPV,FRA,wikidata,0
Wilson Isidor,HTI,FRA,wikidata,0
Woodensky Pierre,HTI,HTI,wikidata,1
Wout Weghorst,NLD,NLD,wikidata,1
Xaver Schlager,AUT,AUT,wikidata,1
Yahia Fofana,CIV,FRA,wikidata,0
Yaimar Medina,ECU,ECU,wikidata,1
Yan Diomande,CIV,CIV,wikidata,1
Yannick Semedo,CPV,CPV,fcmaps_fallback,1
Yan Valery,TUN,FRA,wikidata,0
Yasin Ayari,SWE,SWE,fcmaps_fallback,1
Yasser Ibrahim,EGY,EGY,wikidata,1
Yassine Bounou,MAR,CAN,wikidata,0
Yassine Titraoui,DZA,DZA,wikidata,1
Yassin FortunÃ©,HTI,FRA,fcmaps_fallback,0
Yaya Sithole,ZAF,ZAF,wikidata,1
Yazan Al-Arab,JOR,JOR,fcmaps_fallback,1
Yazeed Abulaila,JOR,JOR,fcmaps_fallback,1
Yehvann Diouf,SEN,FRA,wikidata,0
YÃ©remy Pino,ESP,ESP,fcmaps_fallback,1
Yerry Mina,COL,COL,wikidata,1
Yoane Wissa,COD,FRA,wikidata,0
Yoel BÃ¡rcenas,PAN,PAN,fcmaps_fallback,1
Young-woo Seol,KOR,KOR,fcmaps_fallback,1
Youri Tielemans,BEL,BEL,wikidata,1
Yousef Qashi,JOR,DEU,fcmaps_fallback,0
Youssef Amyn,IRQ,DEU,wikidata,0
Youssef Belammari,MAR,MAR,wikidata,1
Yuito Suzuki,JPN,JPN,wikidata,1
Yukinari Sugawara,JPN,JPN,wikidata,1
Yu-min Cho,KOR,KOR,fcmaps_fallback,1
Yunus AkgÃ¼n,TUR,TUR,fcmaps_fallback,1
Yusuf Abdurisag,QAT,QAT,wikidata,1
Yuto Nagatomo,JPN,JPN,wikidata,1
Yvon Mvogo,CHE,CMR,wikidata,0
Zaid Ismail,IRQ,IRQ,fcmaps_fallback,1
Zaid Tahseen,IRQ,IRQ,wikidata,1
Zakaria El Ouahdi,MAR,BEL,wikidata,0
Zeki Amdouni,CHE,CHE,wikidata,1
Zeki Ãelik,TUR,TUR,fcmaps_fallback,1
Zeno Debast,BEL,BEL,wikidata,1
Zidane Iqbal,IRQ,GBR,wikidata,0
Zineddine Belaid,DZA,DZA,wikidata,1
Zion Suzuki,JPN,USA,wikidata,0
Ziyad Al-Johani,SAU,SAU,wikidata,1
Zizo,EGY,KOR,wikidata,0
